Date,Close,
15/12/08,100,
16/12/08,99,97
17/12/08,99,96
18/12/08,99,95
19/12/08,99,94
22/12/08,99,92
23/12/08,99,9
29/12/08,99,84
30/12/08,99,94
02/01/09,100,82
05/01/09,100,62
06/01/09,100,63
07/01/09,100,84
08/01/09,100,72
09/01/09,100,61
12/01/09,100,7
13/01/09,100,63
14/01/09,100,8
15/01/09,100,22
16/01/09,100,9
19/01/09,99,79
20/01/09,99,42
21/01/09,99,42
22/01/09,99,3
23/01/09,98,88
26/01/09,98,63
27/01/09,98,62
28/01/09,99,55
29/01/09,99,24
30/01/09,99,33
02/02/09,99,12
03/02/09,99,12
04/02/09,99,6
05/02/09,98,67
06/02/09,99,25
09/02/09,98,82
10/02/09,98,65
11/02/09,98,8
12/02/09,98,36
13/02/09,98,21
16/02/09,98,17
17/02/09,97,41
18/02/09,97,24
19/02/09,97,16
20/02/09,96,44
23/02/09,95,69
24/02/09,96,13
25/02/09,96,7
26/02/09,96,39
27/02/09,95,83
02/03/09,95,41
03/03/09,94,33
04/03/09,94,56
05/03/09,93,97
06/03/09,93,51
09/03/09,92,73
10/03/09,93,84
11/03/09,94,26
12/03/09,94,71
13/03/09,94,84
16/03/09,94,97
17/03/09,95,43
18/03/09,95,57
19/03/09,95,77
20/03/09,96,18
23/03/09,97,13
24/03/09,96,97
25/03/09,97,48
26/03/09,98,39
27/03/09,98,37
30/03/09,97,12
31/03/09,98,3
01/04/09,98,86
02/04/09,101,4
03/04/09,101,7
06/04/09,101,48
07/04/09,100,44
08/04/09,101,38
09/04/09,103,37
14/04/09,104,4
15/04/09,104,88
16/04/09,105,66
17/04/09,106,14
20/04/09,104,94
21/04/09,105,65
22/04/09,106,1
23/04/09,106,62
24/04/09,107,52
27/04/09,106,92
28/04/09,106,69
29/04/09,107,66
30/04/09,108,99
04/05/09,110,5
05/05/09,111,31
06/05/09,112,2
07/05/09,111,39
08/05/09,113,78
11/05/09,112,64
12/05/09,112,7
13/05/09,111,53
14/05/09,112,52
15/05/09,111,97
18/05/09,113,22
19/05/09,114,28
20/05/09,114,43
22/05/09,114,22
25/05/09,114,41
26/05/09,114,29
27/05/09,114,29
28/05/09,114,52
29/05/09,115,35
02/06/09,116,49
03/06/09,116,17
04/06/09,116,3
05/06/09,116,5
08/06/09,115,99
09/06/09,115,97
10/06/09,116,57
12/06/09,117,
15/06/09,116,15
16/06/09,116,3
17/06/09,115,1
18/06/09,115,16
19/06/09,115,42
22/06/09,113,95
23/06/09,114,56
24/06/09,114,98
25/06/09,114,44
26/06/09,114,29
29/06/09,115,61
30/06/09,114,82
01/07/09,115,89
02/07/09,114,47
03/07/09,114,32
06/07/09,113,7
07/07/09,113,48
08/07/09,113,3
09/07/09,113,55
10/07/09,113,42
13/07/09,114,36
14/07/09,115,27
15/07/09,116,3
16/07/09,117,7
17/07/09,117,9
20/07/09,118,12
21/07/09,118,71
22/07/09,119,15
23/07/09,120,4
24/07/09,118,98
27/07/09,119,48
28/07/09,119,6
29/07/09,119,75
30/07/09,120,24
31/07/09,120,15
03/08/09,120,99
04/08/09,121,23
05/08/09,121,39
06/08/09,122,3
07/08/09,123,2
10/08/09,123,99
11/08/09,122,6
12/08/09,122,8
13/08/09,123,2
14/08/09,122,86
17/08/09,121,49
18/08/09,122,17
19/08/09,121,68
20/08/09,122,9
21/08/09,122,62
24/08/09,123,9
25/08/09,122,69
26/08/09,123,8
27/08/09,122,4
28/08/09,122,85
31/08/09,122,79
01/09/09,122,28
02/09/09,121,87
03/09/09,122,34
04/09/09,122,61
07/09/09,123,54
08/09/09,123,66
09/09/09,124,14
10/09/09,124,25
11/09/09,124,43
14/09/09,124,48
15/09/09,124,86
16/09/09,126,9
17/09/09,126,31
18/09/09,127,1
21/09/09,126,5
22/09/09,127,29
23/09/09,127,14
24/09/09,126,93
25/09/09,127,15
28/09/09,127,89
29/09/09,127,51
30/09/09,128,18
01/10/09,127,48
02/10/09,126,83
05/10/09,127,36
06/10/09,128,31
07/10/09,128,82
08/10/09,129,42
09/10/09,129,79
12/10/09,130,2
13/10/09,129,82
14/10/09,129,98
15/10/09,130,23
16/10/09,130,2
19/10/09,130,65
20/10/09,131,14
21/10/09,131,7
22/10/09,130,46
23/10/09,130,44
26/10/09,130,6
27/10/09,129,46
28/10/09,128,8
29/10/09,127,69
30/10/09,126,99
02/11/09,126,76
03/11/09,125,93
04/11/09,125,73
05/11/09,126,38
06/11/09,126,75
09/11/09,127,66
10/11/09,127,8
11/11/09,128,61
12/11/09,128,21
13/11/09,128,34
16/11/09,129,15
17/11/09,129,41
18/11/09,129,61
19/11/09,129,15
20/11/09,129,34
23/11/09,130,23
24/11/09,130,46
25/11/09,130,7
26/11/09,128,89
27/11/09,128,93
30/11/09,128,78
01/12/09,129,37
02/12/09,129,72
03/12/09,130,64
04/12/09,130,94
07/12/09,130,62
08/12/09,129,89
09/12/09,129,36
10/12/09,129,61
11/12/09,130,15
14/12/09,130,19
15/12/09,129,89
16/12/09,129,77
17/12/09,129,13
18/12/09,129,28
21/12/09,130,8
22/12/09,130,25
23/12/09,131,1
28/12/09,131,51
29/12/09,132,1
30/12/09,131,45
04/01/10,132,12
05/01/10,132,98
06/01/10,133,98
07/01/10,134,62
08/01/10,135,1
11/01/10,135,63
12/01/10,134,58
13/01/10,134,85
14/01/10,135,1
15/01/10,134,63
18/01/10,134,74
19/01/10,135,42
20/01/10,134,4
21/01/10,134,35
22/01/10,133,48
25/01/10,132,96
26/01/10,132,75
27/01/10,132,92
28/01/10,132,94
29/01/10,133,8
01/02/10,133,66
02/02/10,134,5
03/02/10,134,8
04/02/10,132,97
05/02/10,132,26
08/02/10,132,53
09/02/10,132,67
10/02/10,133,28
11/02/10,133,49
12/02/10,134,11
15/02/10,134,48
16/02/10,134,99
17/02/10,135,14
18/02/10,136,19
19/02/10,136,69
22/02/10,136,97
23/02/10,136,5
24/02/10,136,91
25/02/10,136,71
26/02/10,137,17
01/03/10,138,39
02/03/10,138,69
03/03/10,138,94
04/03/10,138,83
05/03/10,138,81
08/03/10,138,85
09/03/10,139,
10/03/10,139,8
11/03/10,139,36
12/03/10,139,49
15/03/10,139,75
16/03/10,139,93
17/03/10,139,97
18/03/10,139,84
19/03/10,139,65
22/03/10,139,74
23/03/10,140,1
24/03/10,140,46
25/03/10,141,2
26/03/10,140,8
29/03/10,140,88
30/03/10,141,11
31/03/10,141,18
01/04/10,142,27
06/04/10,142,7
07/04/10,142,42
08/04/10,142,6
09/04/10,143,14
12/04/10,142,79
13/04/10,142,81
14/04/10,143,41
15/04/10,143,42
16/04/10,142,99
19/04/10,142,84
20/04/10,144,
21/04/10,143,83
22/04/10,143,4
23/04/10,143,84
26/04/10,144,9
27/04/10,142,34
28/04/10,141,27
29/04/10,142,5
30/04/10,142,42
03/05/10,143,5
04/05/10,141,74
05/05/10,140,64
06/05/10,140,29
07/05/10,137,25
10/05/10,141,21
11/05/10,140,65
12/05/10,143,
14/05/10,140,83
17/05/10,140,9
18/05/10,141,37
19/05/10,139,35
20/05/10,137,55
21/05/10,137,13
25/05/10,135,72
26/05/10,137,44
27/05/10,139,22
28/05/10,139,51
31/05/10,140,11
01/06/10,139,85
02/06/10,140,55
04/06/10,140,9
07/06/10,139,42
08/06/10,139,34
09/06/10,139,69
10/06/10,140,27
11/06/10,140,9
14/06/10,141,62
15/06/10,142,5
16/06/10,141,98
17/06/10,143,15
18/06/10,142,9
21/06/10,143,51
22/06/10,143,98
23/06/10,143,32
24/06/10,142,9
25/06/10,143,6
28/06/10,144,5
29/06/10,142,51
30/06/10,142,92
01/07/10,141,64
02/07/10,141,96
05/07/10,142,26
06/07/10,142,9
07/07/10,143,73
08/07/10,144,2
09/07/10,144,52
12/07/10,144,92
13/07/10,145,71
14/07/10,145,25
15/07/10,145,34
16/07/10,144,39
19/07/10,144,1
20/07/10,143,91
21/07/10,144,78
22/07/10,145,69
23/07/10,145,23
26/07/10,146,4
27/07/10,145,74
28/07/10,145,87
29/07/10,145,84
30/07/10,146,7
02/08/10,147,27
03/08/10,146,88
04/08/10,147,2
05/08/10,146,95
06/08/10,146,81
09/08/10,147,31
10/08/10,146,67
11/08/10,146,2
12/08/10,145,78
13/08/10,146,37
16/08/10,145,92
17/08/10,146,78
18/08/10,146,83
19/08/10,146,56
20/08/10,146,8
23/08/10,146,7
24/08/10,145,37
25/08/10,145,13
26/08/10,145,2
27/08/10,145,74
30/08/10,145,72
31/08/10,145,77
01/09/10,146,56
02/09/10,146,41
03/09/10,146,92
06/09/10,146,94
07/09/10,146,84
08/09/10,146,99
09/09/10,147,35
10/09/10,147,3
13/09/10,148,2
14/09/10,148,3
15/09/10,147,5
16/09/10,147,4
17/09/10,147,8
20/09/10,148,19
21/09/10,147,92
22/09/10,146,9
23/09/10,146,71
24/09/10,147,27
27/09/10,147,28
28/09/10,147,32
29/09/10,147,19
30/09/10,147,65
01/10/10,147,16
04/10/10,146,95
05/10/10,147,5
06/10/10,147,71
07/10/10,147,75
08/10/10,147,94
11/10/10,148,42
12/10/10,148,71
13/10/10,150,74
14/10/10,151,6
15/10/10,151,12
18/10/10,151,44
19/10/10,151,8
20/10/10,151,8
21/10/10,151,7
22/10/10,151,86
25/10/10,151,79
26/10/10,152,5
27/10/10,151,7
28/10/10,151,94
29/10/10,152,61
01/11/10,152,59
02/11/10,152,74
03/11/10,152,74
04/11/10,153,22
05/11/10,153,64
08/11/10,153,42
09/11/10,153,35
10/11/10,153,4
11/11/10,152,72
12/11/10,152,1
15/11/10,152,46
16/11/10,151,27
17/11/10,151,59
18/11/10,152,8
19/11/10,151,95
22/11/10,151,59
23/11/10,150,78
24/11/10,151,4
25/11/10,151,31
26/11/10,150,75
29/11/10,150,9
30/11/10,149,45
01/12/10,150,48
02/12/10,151,84
03/12/10,152,57
06/12/10,152,98
07/12/10,153,45
08/12/10,153,76
09/12/10,153,94
10/12/10,153,72
13/12/10,153,38
14/12/10,153,69
15/12/10,153,85
16/12/10,154,36
17/12/10,154,19
20/12/10,154,27
21/12/10,154,95
22/12/10,155,18
23/12/10,155,55
27/12/10,155,15
28/12/10,155,41
29/12/10,155,31
30/12/10,154,61
03/01/11,155,26
04/01/11,155,41
05/01/11,155,81
06/01/11,156,49
07/01/11,156,44
10/01/11,155,76
11/01/11,155,9
12/01/11,156,13
13/01/11,155,57
14/01/11,155,83
17/01/11,156,1
18/01/11,156,29
19/01/11,156,13
20/01/11,155,72
21/01/11,155,35
24/01/11,155,66
25/01/11,155,82
26/01/11,156,7
27/01/11,155,78
28/01/11,155,49
31/01/11,155,6
01/02/11,156,38
02/02/11,156,42
03/02/11,157,67
04/02/11,157,69
07/02/11,158,55
08/02/11,158,33
09/02/11,158,
10/02/11,157,79
11/02/11,158,65
14/02/11,159,8
15/02/11,159,46
16/02/11,159,12
17/02/11,159,98
18/02/11,159,3
21/02/11,159,24
22/02/11,158,13
23/02/11,157,86
24/02/11,157,44
25/02/11,158,3
28/02/11,158,42
01/03/11,158,27
02/03/11,157,8
03/03/11,158,39
04/03/11,158,7
07/03/11,157,82
08/03/11,158,43
09/03/11,158,16
10/03/11,157,64
11/03/11,157,14
14/03/11,155,73
15/03/11,153,9
16/03/11,153,57
17/03/11,154,14
18/03/11,153,97
21/03/11,155,12
22/03/11,154,94
23/03/11,155,38
24/03/11,156,25
25/03/11,156,46
28/03/11,156,82
29/03/11,156,78
30/03/11,156,91
31/03/11,156,61
01/04/11,157,5
04/04/11,156,77
05/04/11,157,17
06/04/11,157,69
07/04/11,157,2
08/04/11,156,99
11/04/11,157,17
12/04/11,156,74
13/04/11,156,7
14/04/11,156,46
15/04/11,157,5
18/04/11,156,39
19/04/11,156,61
20/04/11,157,5
21/04/11,156,75
26/04/11,157,52
27/04/11,157,11
28/04/11,157,48
29/04/11,157,79
02/05/11,158,22
03/05/11,158,65
04/05/11,157,8
05/05/11,157,99
06/05/11,158,36
09/05/11,159,1
10/05/11,159,28
11/05/11,159,38
12/05/11,159,46
13/05/11,159,42
16/05/11,159,33
17/05/11,159,24
18/05/11,159,75
19/05/11,159,86
20/05/11,159,79
23/05/11,159,37
24/05/11,159,23
25/05/11,159,38
26/05/11,159,3
27/05/11,159,34
30/05/11,159,44
31/05/11,160,15
01/06/11,159,
03/06/11,158,28
06/06/11,157,98
07/06/11,158,2
08/06/11,157,75
09/06/11,158,15
10/06/11,157,7
14/06/11,158,47
15/06/11,157,9
16/06/11,157,95
17/06/11,157,53
20/06/11,157,73
21/06/11,157,96
22/06/11,157,88
24/06/11,157,93
27/06/11,157,45
28/06/11,158,19
29/06/11,158,44
30/06/11,159,4
01/07/11,159,33
04/07/11,160,61
05/07/11,160,29
06/07/11,160,54
07/07/11,160,95
08/07/11,160,78
11/07/11,160,62
12/07/11,159,5
13/07/11,159,7
14/07/11,158,87
15/07/11,159,31
18/07/11,158,28
19/07/11,158,89
20/07/11,158,77
21/07/11,159,3
22/07/11,159,81
25/07/11,159,69
26/07/11,159,2
27/07/11,158,48
28/07/11,158,45
29/07/11,157,74
01/08/11,158,32
02/08/11,156,14
03/08/11,155,47
04/08/11,153,37
05/08/11,151,39
08/08/11,146,88
09/08/11,148,53
10/08/11,146,26
11/08/11,147,73
12/08/11,148,91
15/08/11,148,89
16/08/11,148,28
17/08/11,148,66
18/08/11,145,63
19/08/11,143,87
22/08/11,143,79
23/08/11,144,38
24/08/11,145,64
25/08/11,144,67
26/08/11,144,8
29/08/11,145,99
30/08/11,146,88
31/08/11,149,9
01/09/11,150,23
02/09/11,148,66
05/09/11,146,15
06/09/11,145,3
07/09/11,146,39
08/09/11,146,29
09/09/11,144,74
12/09/11,143,55
13/09/11,142,63
14/09/11,144,2
15/09/11,145,68
16/09/11,147,7
19/09/11,146,65
20/09/11,146,84
21/09/11,145,16
22/09/11,143,29
23/09/11,142,77
26/09/11,145,53
27/09/11,146,86
28/09/11,146,38
29/09/11,146,82
30/09/11,146,3
04/10/11,143,67
05/10/11,143,55
06/10/11,144,82
07/10/11,144,2
10/10/11,146,18
11/10/11,146,91
12/10/11,148,24
13/10/11,148,49
14/10/11,148,94
17/10/11,148,7
18/10/11,149,1
19/10/11,149,28
20/10/11,149,17
21/10/11,150,39
24/10/11,150,52
25/10/11,149,69
26/10/11,149,85
27/10/11,152,77
28/10/11,153,8
31/10/11,152,71
01/11/11,149,86
02/11/11,150,19
03/11/11,151,85
04/11/11,151,32
07/11/11,150,98
08/11/11,151,31
09/11/11,149,6
10/11/11,149,39
11/11/11,150,8
14/11/11,150,77
15/11/11,150,7
16/11/11,149,8
17/11/11,148,68
18/11/11,148,23
21/11/11,146,93
22/11/11,146,6
23/11/11,145,56
24/11/11,145,77
25/11/11,145,64
28/11/11,148,13
29/11/11,148,51
30/11/11,150,76
01/12/11,149,94
02/12/11,151,24
05/12/11,153,9
06/12/11,153,54
07/12/11,153,85
08/12/11,153,62
09/12/11,154,3
12/12/11,152,83
13/12/11,153,51
14/12/11,152,83
15/12/11,153,61
16/12/11,153,58
19/12/11,153,3
20/12/11,154,96
21/12/11,154,6
22/12/11,154,86
23/12/11,155,76
27/12/11,155,95
28/12/11,155,81
29/12/11,156,71
30/12/11,156,66
02/01/12,156,99
03/01/12,157,29
04/01/12,158,1
05/01/12,157,95
06/01/12,157,7
09/01/12,157,
10/01/12,158,1
11/01/12,158,37
12/01/12,158,85
13/01/12,158,72
16/01/12,158,77
17/01/12,159,2
18/01/12,159,6
19/01/12,160,48
20/01/12,160,13
23/01/12,160,2
24/01/12,159,91
25/01/12,160,9
26/01/12,160,18
27/01/12,161,39
30/01/12,160,71
31/01/12,161,52
01/02/12,161,96
02/02/12,162,78
03/02/12,164,18
06/02/12,164,1
07/02/12,164,39
08/02/12,165,22
09/02/12,165,1
10/02/12,164,7
13/02/12,165,58
14/02/12,165,48
15/02/12,166,43
16/02/12,167,34
17/02/12,167,93
20/02/12,167,6
21/02/12,167,67
22/02/12,167,26
23/02/12,167,59
24/02/12,167,58
27/02/12,167,81
28/02/12,168,7
29/02/12,168,3
01/03/12,168,51
02/03/12,168,41
05/03/12,168,22
06/03/12,166,37
07/03/12,167,56
08/03/12,166,84
09/03/12,167,84
12/03/12,167,95
13/03/12,169,33
14/03/12,169,74
15/03/12,170,44
16/03/12,170,46
19/03/12,170,19
20/03/12,169,95
21/03/12,170,7
22/03/12,169,6
23/03/12,169,46
26/03/12,170,38
27/03/12,170,16
28/03/12,171,6
29/03/12,169,8
30/03/12,170,17
02/04/12,170,77
03/04/12,171,37
04/04/12,170,48
05/04/12,170,51
10/04/12,168,64
11/04/12,169,27
12/04/12,169,81
13/04/12,168,96
16/04/12,169,8
17/04/12,169,98
18/04/12,169,82
19/04/12,168,51
20/04/12,167,72
23/04/12,167,36
24/04/12,167,62
25/04/12,168,29
26/04/12,168,51
27/04/12,168,82
30/04/12,169,47
02/05/12,169,27
03/05/12,168,83
04/05/12,168,21
07/05/12,169,58
08/05/12,168,62
09/05/12,167,92
10/05/12,168,39
11/05/12,168,79
14/05/12,168,
15/05/12,167,81
16/05/12,167,25
18/05/12,164,67
21/05/12,165,69
22/05/12,166,56
23/05/12,166,55
24/05/12,166,78
25/05/12,166,35
29/05/12,166,87
30/05/12,166,39
31/05/12,166,56
01/06/12,165,14
04/06/12,164,11
05/06/12,164,73
06/06/12,165,93
08/06/12,166,96
11/06/12,166,47
12/06/12,167,32
13/06/12,166,56
14/06/12,167,18
15/06/12,167,51
18/06/12,167,78
19/06/12,168,3
20/06/12,167,85
21/06/12,167,4
22/06/12,167,82
25/06/12,166,86
26/06/12,167,33
27/06/12,167,25
28/06/12,167,44
29/06/12,167,87
02/07/12,168,84
03/07/12,169,36
04/07/12,170,3
05/07/12,170,35
06/07/12,170,23
09/07/12,170,64
10/07/12,171,1
11/07/12,170,99
12/07/12,171,37
13/07/12,171,91
16/07/12,171,83
17/07/12,172,22
18/07/12,172,42
19/07/12,172,52
20/07/12,172,6
23/07/12,170,82
24/07/12,170,85
25/07/12,170,52
26/07/12,170,92
27/07/12,171,25
30/07/12,172,9
31/07/12,171,34
01/08/12,171,54
02/08/12,171,44
03/08/12,172,17
06/08/12,172,42
07/08/12,172,14
08/08/12,172,72
09/08/12,173,21
10/08/12,173,35
13/08/12,172,89
14/08/12,173,39
15/08/12,173,28
16/08/12,173,33
17/08/12,173,79
20/08/12,173,98
21/08/12,173,8
22/08/12,173,77
23/08/12,172,43
24/08/12,173,33
27/08/12,173,49
28/08/12,173,11
29/08/12,173,2
30/08/12,172,83
31/08/12,172,59
03/09/12,172,96
04/09/12,172,62
05/09/12,172,97
06/09/12,174,24
07/09/12,173,65
10/09/12,173,84
11/09/12,173,8
12/09/12,174,22
13/09/12,174,92
14/09/12,174,82
17/09/12,174,74
18/09/12,175,6
19/09/12,174,68
20/09/12,175,33
21/09/12,175,4
24/09/12,175,16
25/09/12,175,26
26/09/12,174,93
27/09/12,174,94
28/09/12,175,9
01/10/12,174,69
02/10/12,174,63
04/10/12,174,77
05/10/12,174,69
08/10/12,174,64
09/10/12,174,74
10/10/12,174,6
11/10/12,176,53
12/10/12,176,42
15/10/12,177,8
16/10/12,177,5
17/10/12,177,83
18/10/12,177,97
19/10/12,177,15
22/10/12,176,33
23/10/12,175,82
24/10/12,175,62
25/10/12,176,4
26/10/12,175,71
29/10/12,175,66
30/10/12,175,75
31/10/12,176,44
01/11/12,177,2
02/11/12,177,33
05/11/12,177,92
06/11/12,178,31
07/11/12,177,34
08/11/12,177,15
09/11/12,177,7
12/11/12,177,4
13/11/12,176,81
14/11/12,176,43
15/11/12,175,61
16/11/12,175,7
19/11/12,176,33
20/11/12,176,48
21/11/12,176,64
22/11/12,176,56
23/11/12,177,7
26/11/12,176,58
27/11/12,176,78
28/11/12,177,23
29/11/12,177,21
30/11/12,177,3
03/12/12,176,56
04/12/12,176,63
05/12/12,177,29
06/12/12,178,21
07/12/12,178,81
10/12/12,178,69
11/12/12,178,7
12/12/12,178,92
13/12/12,178,46
14/12/12,178,21
17/12/12,178,68
18/12/12,179,17
19/12/12,178,62
20/12/12,179,4
21/12/12,178,99
27/12/12,178,2
28/12/12,177,37
02/01/13,179,85
03/01/13,181,15
04/01/13,181,33
07/01/13,181,3
08/01/13,181,53
09/01/13,181,88
10/01/13,181,81
11/01/13,181,4
14/01/13,181,25
15/01/13,181,15
16/01/13,181,29
17/01/13,181,36
18/01/13,182,64
21/01/13,182,42
22/01/13,182,6
23/01/13,183,51
24/01/13,183,16
25/01/13,183,3
28/01/13,183,6
29/01/13,183,66
30/01/13,183,19
31/01/13,182,86
01/02/13,182,69
04/02/13,182,41
05/02/13,183,3
06/02/13,182,81
07/02/13,183,59
08/02/13,184,21
11/02/13,184,47
12/02/13,184,22
13/02/13,184,42
14/02/13,184,85
15/02/13,184,92
18/02/13,184,89
19/02/13,185,38
20/02/13,185,47
21/02/13,185,7
22/02/13,186,8
25/02/13,185,89
26/02/13,186,27
27/02/13,187,33
28/02/13,187,66
01/03/13,188,2
04/03/13,188,34
05/03/13,189,22
06/03/13,189,71
07/03/13,189,71
08/03/13,190,36
11/03/13,190,
12/03/13,190,5
13/03/13,190,98
14/03/13,191,41
15/03/13,190,84
18/03/13,190,94
19/03/13,191,12
20/03/13,191,56
21/03/13,190,6
22/03/13,190,77
25/03/13,190,95
26/03/13,191,65
27/03/13,190,4
28/03/13,190,93
02/04/13,191,44
03/04/13,190,85
04/04/13,191,63
05/04/13,189,81
08/04/13,190,36
09/04/13,189,91
10/04/13,191,12
11/04/13,191,28
12/04/13,191,25
15/04/13,190,2
16/04/13,190,99
17/04/13,189,93
18/04/13,189,32
19/04/13,188,35
22/04/13,188,7
23/04/13,189,85
24/04/13,190,14
25/04/13,190,64
26/04/13,190,25
29/04/13,190,8
30/04/13,190,9
02/05/13,191,27
03/05/13,191,53
06/05/13,191,83
07/05/13,191,96
08/05/13,191,83
10/05/13,193,1
13/05/13,192,5
14/05/13,193,25
15/05/13,193,91
16/05/13,193,4
17/05/13,194,64
21/05/13,194,38
22/05/13,193,9
23/05/13,192,98
24/05/13,193,15
27/05/13,193,24
28/05/13,194,74
29/05/13,193,17
31/05/13,193,3
03/06/13,192,48
04/06/13,192,43
05/06/13,190,97
06/06/13,191,7
07/06/13,192,21
10/06/13,192,42
11/06/13,191,2
12/06/13,190,85
13/06/13,191,36
14/06/13,190,87
17/06/13,191,49
18/06/13,191,52
19/06/13,191,9
20/06/13,190,24
21/06/13,190,32
24/06/13,189,49
25/06/13,190,21
26/06/13,191,34
27/06/13,191,82
28/06/13,191,26
01/07/13,191,41
02/07/13,190,52
03/07/13,190,73
04/07/13,191,34
05/07/13,192,7
08/07/13,192,5
09/07/13,192,71
10/07/13,192,4
11/07/13,192,28
12/07/13,192,48
15/07/13,192,71
16/07/13,192,3
17/07/13,192,81
18/07/13,193,41
19/07/13,192,73
22/07/13,192,33
23/07/13,191,97
24/07/13,191,82
25/07/13,191,86
26/07/13,191,71
29/07/13,191,7
30/07/13,191,96
31/07/13,191,71
01/08/13,192,39
02/08/13,192,46
05/08/13,192,78
06/08/13,191,57
07/08/13,190,99
08/08/13,190,68
09/08/13,190,7
12/08/13,190,87
13/08/13,191,1
14/08/13,190,89
15/08/13,190,1
16/08/13,189,68
19/08/13,189,34
20/08/13,188,94
21/08/13,188,81
22/08/13,189,42
23/08/13,189,36
26/08/13,189,25
27/08/13,188,1
28/08/13,188,37
29/08/13,188,84
30/08/13,188,99
02/09/13,189,31
03/09/13,189,37
04/09/13,189,25
05/09/13,189,67
06/09/13,189,55
09/09/13,189,58
10/09/13,190,38
11/09/13,190,73
12/09/13,190,68
13/09/13,191,33
16/09/13,191,49
17/09/13,191,62
18/09/13,192,43
19/09/13,191,57
20/09/13,191,27
23/09/13,191,1
24/09/13,190,74
25/09/13,190,39
26/09/13,190,96
27/09/13,189,92
30/09/13,189,3
01/10/13,189,64
02/10/13,188,96
04/10/13,188,65
07/10/13,187,98
08/10/13,187,2
09/10/13,187,59
10/10/13,189,18
11/10/13,189,22
14/10/13,189,25
15/10/13,189,12
16/10/13,189,85
17/10/13,188,61
18/10/13,188,3
21/10/13,188,31
22/10/13,188,7
23/10/13,188,82
24/10/13,189,19
25/10/13,189,49
28/10/13,189,97
29/10/13,190,96
30/10/13,190,33
31/10/13,191,39
01/11/13,192,45
04/11/13,192,45
05/11/13,192,15
06/11/13,192,44
07/11/13,192,83
08/11/13,193,62
11/11/13,193,79
12/11/13,193,38
13/11/13,194,17
14/11/13,193,97
15/11/13,193,95
18/11/13,193,96
19/11/13,193,81
20/11/13,193,83
21/11/13,194,5
22/11/13,193,64
25/11/13,193,66
26/11/13,193,7
27/11/13,193,4
28/11/13,192,95
29/11/13,193,3
02/12/13,192,91
03/12/13,192,26
04/12/13,191,97
05/12/13,191,
06/12/13,191,92
09/12/13,191,74
10/12/13,190,82
11/12/13,190,6
12/12/13,189,42
13/12/13,189,3
16/12/13,190,3
17/12/13,189,54
18/12/13,190,73
19/12/13,191,38
20/12/13,191,89
23/12/13,192,8
27/12/13,192,44
30/12/13,192,31
02/01/14,192,77
03/01/14,193,29
06/01/14,192,9
07/01/14,193,94
08/01/14,193,2
09/01/14,192,79
10/01/14,192,77
13/01/14,192,17
14/01/14,192,55
15/01/14,193,85
16/01/14,193,56
17/01/14,193,68
20/01/14,193,63
21/01/14,193,83
22/01/14,192,99
23/01/14,191,72
24/01/14,190,21
27/01/14,189,64
28/01/14,189,97
29/01/14,189,66
30/01/14,190,44
31/01/14,190,82
03/02/14,189,17
04/02/14,189,17
05/02/14,189,13
06/02/14,190,11
07/02/14,191,14
10/02/14,191,13
11/02/14,191,92
12/02/14,192,7
13/02/14,192,84
14/02/14,193,28
17/02/14,193,11
18/02/14,192,66
19/02/14,192,3
20/02/14,192,61
21/02/14,192,64
24/02/14,193,1
25/02/14,193,33
26/02/14,193,92
27/02/14,194,2
28/02/14,193,84
03/03/14,193,36
04/03/14,194,72
05/03/14,195,19
06/03/14,195,18
07/03/14,195,26
10/03/14,195,18
11/03/14,195,81
12/03/14,195,33
13/03/14,194,25
14/03/14,193,78
17/03/14,194,49
18/03/14,195,2
19/03/14,194,52
20/03/14,195,96
21/03/14,195,63
24/03/14,195,53
25/03/14,196,65
26/03/14,196,11
27/03/14,196,4
28/03/14,196,82
31/03/14,197,4
01/04/14,197,47
02/04/14,197,8
03/04/14,197,93
04/04/14,197,8
07/04/14,197,2
08/04/14,197,22
09/04/14,197,74
10/04/14,196,79
11/04/14,196,19
14/04/14,197,3
15/04/14,197,45
16/04/14,197,87
17/04/14,197,44
22/04/14,197,85
23/04/14,197,68
24/04/14,197,81
25/04/14,197,51
28/04/14,198,5
29/04/14,198,79
30/04/14,198,75
02/05/14,198,33
05/05/14,197,87
06/05/14,197,14
07/05/14,197,95
08/05/14,198,27
09/05/14,199,24
12/05/14,199,95
13/05/14,200,38
14/05/14,199,94
15/05/14,199,23
16/05/14,199,67
19/05/14,199,2
20/05/14,198,63
21/05/14,199,45
22/05/14,199,55
23/05/14,199,59
26/05/14,199,54
27/05/14,199,69
28/05/14,199,55
30/05/14,199,8
02/06/14,200,12
03/06/14,199,65
04/06/14,199,75
05/06/14,200,17
06/06/14,200,38
10/06/14,200,63
11/06/14,200,
12/06/14,199,45
13/06/14,199,51
16/06/14,199,58
17/06/14,199,91
18/06/14,200,32
20/06/14,200,7
23/06/14,202,
24/06/14,200,79
25/06/14,199,13
26/06/14,199,26
27/06/14,199,18
30/06/14,198,97
01/07/14,199,63
02/07/14,199,91
03/07/14,200,35
04/07/14,200,45
07/07/14,200,6
08/07/14,199,56
09/07/14,199,72
10/07/14,199,3
11/07/14,199,42
14/07/14,199,93
15/07/14,199,75
16/07/14,200,4
17/07/14,199,97
18/07/14,199,94
21/07/14,199,46
22/07/14,199,88
23/07/14,200,17
24/07/14,200,31
25/07/14,200,2
28/07/14,200,43
29/07/14,200,5
30/07/14,200,29
31/07/14,199,8
01/08/14,198,23
04/08/14,198,79
05/08/14,198,59
06/08/14,198,73
07/08/14,198,48
08/08/14,198,19
11/08/14,198,98
12/08/14,199,2
13/08/14,199,37
14/08/14,199,15
15/08/14,198,27
18/08/14,199,28
19/08/14,200,6
20/08/14,199,76
21/08/14,200,32
22/08/14,200,13
25/08/14,200,87
26/08/14,201,21
27/08/14,201,6
28/08/14,200,95
29/08/14,201,13
01/09/14,201,36
02/09/14,201,17
03/09/14,201,28
04/09/14,202,12
05/09/14,202,19
08/09/14,202,26
09/09/14,202,1
10/09/14,202,36
11/09/14,202,24
12/09/14,202,31
15/09/14,202,6
16/09/14,202,5
17/09/14,202,69
18/09/14,203,7
19/09/14,204,34
22/09/14,203,79
23/09/14,202,9
24/09/14,203,78
25/09/14,203,1
26/09/14,203,69
29/09/14,203,15
30/09/14,203,56
01/10/14,203,16
02/10/14,202,41
06/10/14,203,78
07/10/14,202,39
08/10/14,202,76
09/10/14,201,29
10/10/14,201,18
13/10/14,200,21
14/10/14,200,21
15/10/14,198,14
16/10/14,196,82
17/10/14,198,41
20/10/14,197,25
21/10/14,196,92
22/10/14,197,23
23/10/14,197,9
24/10/14,197,84
27/10/14,197,47
28/10/14,197,69
29/10/14,197,84
30/10/14,199,54
31/10/14,200,95
03/11/14,201,13
04/11/14,200,59
05/11/14,201,65
06/11/14,202,
07/11/14,201,92
10/11/14,202,32
11/11/14,202,7
12/11/14,202,24
13/11/14,203,5
14/11/14,203,6
17/11/14,203,27
18/11/14,203,23
19/11/14,203,29
20/11/14,203,2
21/11/14,204,89
24/11/14,204,94
25/11/14,205,9
26/11/14,205,24
27/11/14,206,1
28/11/14,206,58
01/12/14,205,79
02/12/14,206,79
03/12/14,206,97
04/12/14,206,6
05/12/14,207,36
08/12/14,206,55
09/12/14,204,88
10/12/14,204,3
11/12/14,204,83
12/12/14,202,32
15/12/14,201,11
16/12/14,200,1
17/12/14,201,41
18/12/14,204,47
19/12/14,204,79
22/12/14,205,71
23/12/14,206,2
29/12/14,206,6
30/12/14,206,61
02/01/15,207,19
05/01/15,206,65
06/01/15,206,3
07/01/15,207,16
08/01/15,208,29
09/01/15,207,44
12/01/15,207,39
13/01/15,208,2
14/01/15,207,73
15/01/15,209,76
16/01/15,209,81
19/01/15,209,26
20/01/15,209,68
21/01/15,209,6
22/01/15,210,64
23/01/15,211,65
26/01/15,211,6
27/01/15,210,35
28/01/15,210,43
29/01/15,210,89
30/01/15,210,52
02/02/15,210,87
03/02/15,211,4
04/02/15,211,12
05/02/15,211,55
06/02/15,212,
09/02/15,211,2
10/02/15,212,63
11/02/15,211,99
12/02/15,212,59
13/02/15,212,57
16/02/15,212,71
17/02/15,212,94
18/02/15,213,47
19/02/15,213,68
20/02/15,214,39
23/02/15,214,66
24/02/15,214,7
25/02/15,214,26
26/02/15,215,52
27/02/15,215,65
02/03/15,215,3
03/03/15,215,21
04/03/15,215,49
05/03/15,216,13
06/03/15,217,2
09/03/15,216,93
10/03/15,217,4
11/03/15,218,38
12/03/15,218,91
13/03/15,218,96
16/03/15,219,99
17/03/15,218,88
18/03/15,219,43
19/03/15,219,34
20/03/15,219,34
23/03/15,218,23
24/03/15,218,92
25/03/15,217,73
26/03/15,217,78
27/03/15,219,44
30/03/15,220,58
31/03/15,220,12
01/04/15,220,53
02/04/15,220,26
07/04/15,221,19
08/04/15,222,32
09/04/15,222,69
10/04/15,223,69
13/04/15,223,16
14/04/15,222,24
15/04/15,223,71
16/04/15,222,33
17/04/15,220,44
20/04/15,221,83
21/04/15,222,42
22/04/15,222,79
23/04/15,221,73
24/04/15,221,82
27/04/15,222,3
28/04/15,220,96
29/04/15,219,51
30/04/15,219,19
04/05/15,220,82
05/05/15,219,11
06/05/15,217,89
07/05/15,218,95
08/05/15,220,66
11/05/15,220,83
12/05/15,219,36
13/05/15,219,14
15/05/15,219,52
18/05/15,219,98
19/05/15,221,71
20/05/15,221,32
21/05/15,221,29
22/05/15,221,95
26/05/15,222,4
27/05/15,223,9
28/05/15,222,34
29/05/15,221,13
01/06/15,222,6
02/06/15,220,62
03/06/15,219,92
05/06/15,219,58
08/06/15,217,87
09/06/15,217,35
10/06/15,218,65
11/06/15,219,1
12/06/15,218,21
15/06/15,216,93
16/06/15,217,46
17/06/15,217,51
18/06/15,217,8
19/06/15,216,9
22/06/15,218,18
23/06/15,219,63
24/06/15,218,83
25/06/15,218,89
26/06/15,219,5
29/06/15,217,13
30/06/15,216,97
01/07/15,218,39
02/07/15,218,14
03/07/15,217,94
06/07/15,217,21
07/07/15,217,3
08/07/15,216,36
09/07/15,218,1
10/07/15,219,4
13/07/15,221,77
14/07/15,221,71
15/07/15,222,35
16/07/15,223,49
17/07/15,224,4
20/07/15,225,
21/07/15,223,24
22/07/15,223,24
23/07/15,222,76
24/07/15,222,5
27/07/15,220,36
28/07/15,222,2
29/07/15,222,47
30/07/15,222,55
31/07/15,222,33
03/08/15,223,42
04/08/15,223,19
05/08/15,224,36
06/08/15,223,54
07/08/15,222,89
10/08/15,223,37
11/08/15,221,54
12/08/15,219,4
13/08/15,221,23
14/08/15,221,5
17/08/15,221,83
18/08/15,221,96
19/08/15,220,87
20/08/15,218,36
21/08/15,214,83
24/08/15,210,31
25/08/15,213,42
26/08/15,213,99
27/08/15,217,95
28/08/15,217,49
31/08/15,217,62
01/09/15,214,3
02/09/15,215,98
03/09/15,217,61
04/09/15,215,35
07/09/15,215,89
08/09/15,217,77
09/09/15,217,47
10/09/15,217,35
11/09/15,216,28
14/09/15,216,24
15/09/15,216,55
16/09/15,217,38
17/09/15,217,5
18/09/15,214,7
21/09/15,217,58
22/09/15,214,86
23/09/15,215,46
24/09/15,213,72
25/09/15,216,6
28/09/15,213,87
29/09/15,212,58
30/09/15,214,77
01/10/15,214,29
02/10/15,214,56
05/10/15,215,85
06/10/15,215,98
07/10/15,216,29
08/10/15,216,35
09/10/15,216,2
12/10/15,216,56
13/10/15,215,24
14/10/15,214,35
15/10/15,215,19
16/10/15,215,4
19/10/15,216,68
20/10/15,215,8
21/10/15,215,32
22/10/15,218,85
23/10/15,221,33
26/10/15,220,16
27/10/15,219,42
28/10/15,220,24
29/10/15,220,4
30/10/15,219,13
02/11/15,219,85
03/11/15,221,3
04/11/15,221,81
05/11/15,221,8
06/11/15,222,22
09/11/15,221,25
10/11/15,221,31
11/11/15,221,6
12/11/15,220,17
13/11/15,219,3
16/11/15,220,11
17/11/15,221,56
18/11/15,222,2
19/11/15,221,93
20/11/15,222,27
23/11/15,222,34
24/11/15,221,43
25/11/15,222,98
26/11/15,222,99
27/11/15,223,16
30/11/15,223,94
01/12/15,223,94
02/12/15,223,85
03/12/15,220,62
04/12/15,222,15
07/12/15,222,29
08/12/15,220,58
09/12/15,219,2
10/12/15,218,93
11/12/15,216,85
14/12/15,216,59
15/12/15,218,55
16/12/15,219,5
17/12/15,219,85
18/12/15,218,21
21/12/15,217,89
22/12/15,217,63
23/12/15,219,37
28/12/15,218,34
29/12/15,220,43
30/12/15,219,63
04/01/16,217,32
05/01/16,217,82
06/01/16,216,3
07/01/16,213,48
08/01/16,212,3
11/01/16,211,69
12/01/16,213,2
13/01/16,212,32
14/01/16,211,87
15/01/16,209,1
18/01/16,209,4
19/01/16,210,52
20/01/16,207,1
21/01/16,207,76
22/01/16,210,6
25/01/16,210,51
26/01/16,210,71
27/01/16,210,35
28/01/16,209,3
29/01/16,212,98
01/02/16,212,93
02/02/16,210,93
03/02/16,209,35
04/02/16,209,13
05/02/16,208,4
08/02/16,205,57
09/02/16,203,5
10/02/16,205,8
11/02/16,201,25
12/02/16,204,56
15/02/16,207,98
16/02/16,207,94
17/02/16,211,5
18/02/16,212,16
19/02/16,212,22
22/02/16,214,44
23/02/16,212,98
24/02/16,211,25
25/02/16,212,65
26/02/16,214,43
29/02/16,215,62
01/03/16,218,67
02/03/16,218,88
03/03/16,218,21
04/03/16,219,61
07/03/16,219,43
08/03/16,218,2
09/03/16,218,52
10/03/16,216,31
11/03/16,218,73
14/03/16,220,41
15/03/16,219,49
16/03/16,220,28
17/03/16,217,83
18/03/16,218,5
21/03/16,218,25
22/03/16,218,65
23/03/16,218,59
24/03/16,217,36
29/03/16,218,22
30/03/16,218,34
31/03/16,216,95
01/04/16,217,39
04/04/16,217,91
05/04/16,215,3
06/04/16,215,1
07/04/16,214,49
08/04/16,214,13
11/04/16,214,9
12/04/16,215,18
13/04/16,218,19
14/04/16,218,99
15/04/16,217,74
18/04/16,217,41
19/04/16,218,23
20/04/16,218,95
21/04/16,218,31
22/04/16,218,6
25/04/16,218,45
26/04/16,217,38
27/04/16,216,28
28/04/16,216,4
29/04/16,213,52
02/05/16,213,64
03/05/16,211,69
04/05/16,211,74
06/05/16,211,87
09/05/16,212,9
10/05/16,213,82
11/05/16,212,57
12/05/16,211,93
13/05/16,212,44
17/05/16,212,1
18/05/16,212,65
19/05/16,212,16
20/05/16,213,21
23/05/16,213,21
24/05/16,215,43
25/05/16,217,15
27/05/16,218,1
30/05/16,218,1
31/05/16,217,
01/06/16,216,12
02/06/16,216,2
03/06/16,214,26
06/06/16,214,63
07/06/16,217,13
08/06/16,217,15
09/06/16,216,99
10/06/16,215,22
13/06/16,213,2
14/06/16,211,9
15/06/16,211,54
16/06/16,212,18
17/06/16,211,73
20/06/16,213,66
21/06/16,214,87
22/06/16,215,84
23/06/16,216,56
24/06/16,213,1
27/06/16,209,41
28/06/16,210,54
29/06/16,213,79
30/06/16,213,93
01/07/16,214,4
04/07/16,214,46
05/07/16,213,15
06/07/16,211,58
07/07/16,212,52
08/07/16,213,4
11/07/16,215,
12/07/16,215,67
13/07/16,215,78
14/07/16,217,44
15/07/16,217,52
18/07/16,218,
19/07/16,218,38
20/07/16,217,7
21/07/16,218,33
22/07/16,219,2
25/07/16,218,6
26/07/16,218,83
27/07/16,220,48
28/07/16,221,59
29/07/16,220,73
01/08/16,220,47
02/08/16,218,83
03/08/16,218,64
04/08/16,219,35
05/08/16,219,95
08/08/16,219,54
09/08/16,221,19
10/08/16,220,1
11/08/16,220,44
12/08/16,220,69
15/08/16,220,58
16/08/16,219,62
17/08/16,219,2
18/08/16,219,27
19/08/16,218,9
22/08/16,218,79
23/08/16,219,35
24/08/16,219,66
25/08/16,219,24
26/08/16,219,33
29/08/16,220,87
30/08/16,220,63
31/08/16,221,9
01/09/16,220,9
02/09/16,220,67
05/09/16,221,16
06/09/16,220,88
07/09/16,221,59
08/09/16,220,4
09/09/16,218,38
12/09/16,218,87
13/09/16,218,5
14/09/16,217,46
15/09/16,218,72
16/09/16,218,86
19/09/16,219,18
20/09/16,219,31
21/09/16,219,87
22/09/16,220,25
23/09/16,218,89
26/09/16,217,21
27/09/16,216,77
28/09/16,217,57
29/09/16,215,79
30/09/16,215,74
04/10/16,216,21
05/10/16,216,19
06/10/16,216,12
07/10/16,216,28
10/10/16,217,66
11/10/16,217,85
12/10/16,218,25
13/10/16,217,3
14/10/16,218,36
17/10/16,218,8
18/10/16,218,95
19/10/16,219,42
20/10/16,219,78
21/10/16,220,6
24/10/16,221,9
25/10/16,220,66
26/10/16,219,1
27/10/16,219,36
28/10/16,215,97
31/10/16,216,59
01/11/16,214,82
02/11/16,213,53
03/11/16,212,97
04/11/16,211,37
07/11/16,214,25
08/11/16,214,13
09/11/16,215,67
10/11/16,216,21
11/11/16,215,99
14/11/16,216,48
15/11/16,217,5
16/11/16,217,63
17/11/16,218,9
18/11/16,218,25
21/11/16,218,19
22/11/16,218,33
23/11/16,218,3
24/11/16,217,97
25/11/16,218,71
28/11/16,218,46
29/11/16,218,1
30/11/16,218,
01/12/16,218,32
02/12/16,217,11
05/12/16,217,7
06/12/16,218,52
07/12/16,219,87
08/12/16,221,62
09/12/16,223,6
12/12/16,221,51
13/12/16,223,22
14/12/16,221,92
15/12/16,224,64
16/12/16,224,2
19/12/16,226,5
20/12/16,226,26
21/12/16,225,52
22/12/16,225,41
23/12/16,225,7
27/12/16,225,35
28/12/16,225,44
29/12/16,224,18
30/12/16,224,39
02/01/17,225,68
03/01/17,225,61
04/01/17,224,67
05/01/17,224,16
06/01/17,224,9
09/01/17,224,43
10/01/17,224,43
11/01/17,226,25
12/01/17,223,89
13/01/17,225,48
16/01/17,224,8
17/01/17,224,6
18/01/17,224,37
19/01/17,225,2
20/01/17,224,32
23/01/17,223,47
24/01/17,224,68
25/01/17,226,14
26/01/17,226,72
27/01/17,225,81
30/01/17,225,35
31/01/17,224,7
01/02/17,225,92
02/02/17,223,64
03/02/17,224,94
06/02/17,224,46
07/02/17,225,4
08/02/17,225,49
09/02/17,226,72
10/02/17,227,22
13/02/17,228,47
14/02/17,228,88
15/02/17,229,11
16/02/17,229,29
17/02/17,229,58
20/02/17,229,62
21/02/17,230,88
22/02/17,231,16
23/02/17,230,98
24/02/17,230,48
27/02/17,230,3
28/02/17,230,76
01/03/17,233,9
02/03/17,232,24
03/03/17,231,89
06/03/17,231,5
07/03/17,231,24
08/03/17,231,11
09/03/17,230,65
10/03/17,230,77
13/03/17,230,9
14/03/17,230,96
15/03/17,231,31
16/03/17,231,2
17/03/17,231,5
20/03/17,231,59
21/03/17,229,99
22/03/17,229,68
23/03/17,230,61
24/03/17,229,73
27/03/17,229,29
28/03/17,230,96
29/03/17,231,85
30/03/17,232,2
31/03/17,232,79
03/04/17,233,17
04/04/17,234,48
05/04/17,233,61
06/04/17,233,65
07/04/17,233,97
10/04/17,234,57
11/04/17,233,76
12/04/17,234,6
13/04/17,233,59
18/04/17,232,33
19/04/17,232,9
20/04/17,232,4
21/04/17,232,7
24/04/17,233,69
25/04/17,233,74
26/04/17,234,63
27/04/17,235,78
28/04/17,235,47
02/05/17,236,25
03/05/17,237,45
04/05/17,236,76
05/05/17,236,49
08/05/17,236,75
09/05/17,236,57
10/05/17,237,1
11/05/17,236,59
12/05/17,237,
15/05/17,236,59
16/05/17,236,44
17/05/17,233,68
18/05/17,234,58
19/05/17,234,82
22/05/17,235,5
23/05/17,235,81
24/05/17,236,34
26/05/17,236,61
29/05/17,236,67
30/05/17,236,95
31/05/17,236,33
01/06/17,237,49
02/06/17,238,16
06/06/17,237,32
07/06/17,236,64
08/06/17,237,29
09/06/17,237,87
12/06/17,237,32
13/06/17,238,31
14/06/17,237,63
16/06/17,238,6
19/06/17,240,95
20/06/17,240,53
21/06/17,239,51
22/06/17,239,74
23/06/17,239,71
26/06/17,240,54
27/06/17,238,8
28/06/17,238,64
29/06/17,236,98
30/06/17,237,62
03/07/17,238,8
04/07/17,239,24
05/07/17,239,34
06/07/17,237,14
07/07/17,238,7
10/07/17,238,76
11/07/17,238,6
12/07/17,240,4
13/07/17,240,28
14/07/17,240,6
17/07/17,240,44
18/07/17,238,58
19/07/17,240,2
20/07/17,239,11
21/07/17,238,9
24/07/17,238,54
25/07/17,238,88
26/07/17,239,4
27/07/17,239,6
28/07/17,237,84
31/07/17,238,15
01/08/17,238,47
02/08/17,238,92
03/08/17,239,11
04/08/17,240,68
07/08/17,239,49
08/08/17,240,34
09/08/17,240,33
10/08/17,239,18
11/08/17,238,61
14/08/17,239,53
15/08/17,240,18
16/08/17,240,7
17/08/17,239,94
18/08/17,240,15
21/08/17,239,54
22/08/17,241,4
23/08/17,239,97
24/08/17,240,27
25/08/17,240,7
28/08/17,238,78
29/08/17,238,11
30/08/17,239,31
31/08/17,240,55
01/09/17,241,8
04/09/17,240,9
05/09/17,239,13
06/09/17,238,99
07/09/17,238,22
08/09/17,238,48
11/09/17,240,23
12/09/17,240,15
13/09/17,240,71
14/09/17,240,34
15/09/17,239,73
18/09/17,240,31
19/09/17,240,52
20/09/17,240,44
21/09/17,241,4
22/09/17,239,88
25/09/17,240,98
26/09/17,241,13
27/09/17,241,56
28/09/17,241,66
29/09/17,242,12
02/10/17,243,5
04/10/17,244,8
05/10/17,245,3
06/10/17,244,6
09/10/17,245,16
10/10/17,244,61
11/10/17,245,1
12/10/17,245,9
13/10/17,245,8
16/10/17,246,6
17/10/17,246,3
18/10/17,247,19
19/10/17,245,69
20/10/17,246,5
23/10/17,246,17
24/10/17,245,65
25/10/17,243,92
26/10/17,245,39
27/10/17,246,78
30/10/17,245,93
01/11/17,246,9
02/11/17,246,51
03/11/17,247,43
06/11/17,247,75
07/11/17,247,22
08/11/17,247,35
09/11/17,245,94
10/11/17,245,94
13/11/17,244,98
14/11/17,244,9
15/11/17,243,71
16/11/17,244,68
17/11/17,244,15
20/11/17,244,54
21/11/17,245,6
22/11/17,244,58
23/11/17,244,93
24/11/17,244,8
27/11/17,244,97
28/11/17,246,7
29/11/17,245,49
30/11/17,245,66
01/12/17,245,86
04/12/17,246,
05/12/17,245,49
06/12/17,246,18
07/12/17,245,13
08/12/17,246,52
11/12/17,246,32
12/12/17,247,43
13/12/17,246,92
14/12/17,246,22
15/12/17,245,9
18/12/17,246,44
19/12/17,245,35
20/12/17,245,
21/12/17,245,48
22/12/17,245,53
27/12/17,245,53
28/12/17,245,17
29/12/17,244,8
02/01/18,244,23
03/01/18,246,78
04/01/18,247,67
05/01/18,248,67
08/01/18,249,26
09/01/18,250,45
10/01/18,250,59
11/01/18,250,32
12/01/18,249,62
15/01/18,248,66
16/01/18,250,11
17/01/18,251,4
18/01/18,250,71
19/01/18,251,74
22/01/18,252,9
23/01/18,252,33
24/01/18,250,4
25/01/18,249,1
26/01/18,251,15
29/01/18,250,3
30/01/18,248,29
31/01/18,248,28
01/02/18,246,78
02/02/18,244,7
05/02/18,241,92
06/02/18,241,37
07/02/18,242,72
08/02/18,238,15
09/02/18,238,48
12/02/18,240,94
13/02/18,240,49
14/02/18,241,37
15/02/18,241,89
16/02/18,242,98
19/02/18,242,51
20/02/18,243,27
21/02/18,243,37
22/02/18,243,98
23/02/18,244,66
26/02/18,246,19
27/02/18,246,12
28/02/18,244,94
01/03/18,243,18
02/03/18,240,93
05/03/18,241,85
06/03/18,242,11
07/03/18,242,9
08/03/18,244,64
09/03/18,246,5
12/03/18,247,34
13/03/18,245,16
14/03/18,244,56
15/03/18,245,25
16/03/18,244,32
19/03/18,242,85
20/03/18,243,23
21/03/18,243,15
22/03/18,240,24
23/03/18,237,76
26/03/18,238,27
27/03/18,238,52
28/03/18,237,87
29/03/18,239,72
03/04/18,239,72
04/04/18,240,5
05/04/18,244,31
06/04/18,242,14
09/04/18,242,39
10/04/18,244,59
11/04/18,243,53
12/04/18,244,9
13/04/18,244,1
16/04/18,243,82
17/04/18,245,45
18/04/18,245,8
19/04/18,244,97
20/04/18,244,73
23/04/18,244,67
24/04/18,244,57
25/04/18,244,51
26/04/18,246,52
27/04/18,246,38
30/04/18,246,8
02/05/18,249,45
03/05/18,248,71
04/05/18,250,62
07/05/18,251,66
08/05/18,252,1
09/05/18,253,17
11/05/18,252,66
14/05/18,252,61
15/05/18,252,89
16/05/18,253,85
17/05/18,254,14
18/05/18,253,7
22/05/18,254,81
23/05/18,253,24
24/05/18,253,42
25/05/18,253,83
28/05/18,253,76
29/05/18,252,16
30/05/18,253,5
01/06/18,253,12
04/06/18,253,27
05/06/18,253,85
06/06/18,253,33
07/06/18,252,6
08/06/18,253,36
11/06/18,253,67
12/06/18,254,33
13/06/18,254,67
14/06/18,254,96
15/06/18,254,
18/06/18,253,
19/06/18,251,53
20/06/18,250,87
21/06/18,250,7
22/06/18,251,88
25/06/18,249,75
26/06/18,250,12
27/06/18,250,25
28/06/18,250,9
29/06/18,250,31
02/07/18,250,71
03/07/18,251,63
04/07/18,252,13
05/07/18,251,89
06/07/18,252,66
09/07/18,253,82
10/07/18,254,64
11/07/18,253,44
12/07/18,254,42
13/07/18,254,83
16/07/18,254,3
17/07/18,254,61
18/07/18,255,82
19/07/18,254,8
20/07/18,254,57
23/07/18,254,82
24/07/18,255,43
25/07/18,256,49
26/07/18,256,88
27/07/18,255,72
30/07/18,253,98
31/07/18,254,45
01/08/18,254,82
02/08/18,255,9
03/08/18,255,82
06/08/18,256,55
07/08/18,256,71
08/08/18,255,1
09/08/18,256,23
10/08/18,256,24
13/08/18,256,32
14/08/18,257,25
15/08/18,256,46
16/08/18,257,38
17/08/18,257,96
20/08/18,258,25
21/08/18,257,7
22/08/18,257,16
23/08/18,258,12
24/08/18,258,19
27/08/18,258,94
28/08/18,258,64
29/08/18,259,23
30/08/18,259,45
31/08/18,259,16
03/09/18,258,91
04/09/18,258,42
05/09/18,257,24
06/09/18,256,71
07/09/18,257,73
10/09/18,257,48
11/09/18,257,9
12/09/18,258,12
13/09/18,257,8
14/09/18,258,55
17/09/18,257,71
18/09/18,257,72
19/09/18,258,66
20/09/18,258,84
21/09/18,259,55
24/09/18,258,3
25/09/18,259,33
26/09/18,259,1
27/09/18,260,11
28/09/18,259,73
01/10/18,259,82
02/10/18,259,6
04/10/18,259,26
05/10/18,258,23
08/10/18,257,2
09/10/18,257,17
10/10/18,253,79
11/10/18,250,51
12/10/18,251,67
15/10/18,252,
16/10/18,253,86
17/10/18,254,6
18/10/18,254,46
19/10/18,254,17
22/10/18,254,45
23/10/18,252,65
24/10/18,252,7
25/10/18,252,49
26/10/18,250,84
29/10/18,250,94
30/10/18,251,95
31/10/18,253,97
01/11/18,255,34
02/11/18,255,63
05/11/18,254,48
06/11/18,253,99
07/11/18,256,22
08/11/18,255,89
09/11/18,256,13
12/11/18,255,35
13/11/18,254,57
14/11/18,252,9
15/11/18,253,41
16/11/18,252,73
19/11/18,251,9
20/11/18,248,13
21/11/18,248,82
22/11/18,248,58
23/11/18,248,68
26/11/18,249,29
27/11/18,248,97
28/11/18,250,77
29/11/18,251,51
30/11/18,251,
03/12/18,252,49
04/12/18,250,16
05/12/18,249,47
06/12/18,246,21
07/12/18,245,82
10/12/18,244,27
11/12/18,245,66
12/12/18,246,29
13/12/18,247,33
14/12/18,246,17
17/12/18,244,16
18/12/18,244,14
19/12/18,243,8
20/12/18,241,95
21/12/18,241,2
27/12/18,240,79
28/12/18,242,93
02/01/19,242,75
03/01/19,239,36
04/01/19,243,9
07/01/19,242,38
08/01/19,242,33
09/01/19,243,47
10/01/19,243,82
11/01/19,245,16
14/01/19,243,59
15/01/19,245,1
16/01/19,244,75
17/01/19,245,66
18/01/19,248,16
21/01/19,248,21
22/01/19,246,95
23/01/19,247,1
24/01/19,247,56
25/01/19,248,81
28/01/19,247,73
29/01/19,247,69
30/01/19,249,57
31/01/19,250,5
01/02/19,250,9
04/02/19,251,55
05/02/19,253,93
06/02/19,253,6
07/02/19,252,32
08/02/19,251,38
11/02/19,252,19
12/02/19,253,16
13/02/19,253,79
14/02/19,254,5
15/02/19,256,27
18/02/19,256,24
19/02/19,255,75
20/02/19,257,22
21/02/19,256,22
22/02/19,253,21
25/02/19,253,85
26/02/19,254,5
27/02/19,253,22
28/02/19,253,66
01/03/19,255,33
04/03/19,255,88
05/03/19,256,21
06/03/19,255,85
07/03/19,255,89
08/03/19,255,53
11/03/19,256,87
12/03/19,256,9
13/03/19,256,78
14/03/19,257,
15/03/19,257,85
18/03/19,258,68
19/03/19,259,5
20/03/19,256,76
21/03/19,258,19
22/03/19,257,11
25/03/19,256,71
26/03/19,258,47
27/03/19,258,82
28/03/19,259,3
29/03/19,260,94
01/04/19,261,97
02/04/19,263,
03/04/19,263,1
04/04/19,263,4
05/04/19,263,91
08/04/19,263,55
09/04/19,262,4
10/04/19,263,2
11/04/19,263,62
12/04/19,263,81
15/04/19,264,46
16/04/19,264,75
17/04/19,264,79
18/04/19,266,35
23/04/19,266,95
24/04/19,266,5
25/04/19,267,12
26/04/19,267,22
29/04/19,267,66
30/04/19,266,85
02/05/19,266,37
03/05/19,267,1
06/05/19,265,35
07/05/19,262,98
08/05/19,263,35
09/05/19,261,84
10/05/19,261,58
13/05/19,258,63
14/05/19,259,79
15/05/19,260,45
16/05/19,262,25
17/05/19,261,71
20/05/19,259,84
21/05/19,260,87
22/05/19,261,24
23/05/19,259,79
24/05/19,259,31
27/05/19,259,25
28/05/19,258,52
29/05/19,257,17
31/05/19,256,73
03/06/19,256,59
04/06/19,258,9
05/06/19,258,37
06/06/19,259,31
07/06/19,260,9
11/06/19,262,63
12/06/19,262,72
13/06/19,262,43
14/06/19,262,6
17/06/19,261,56
18/06/19,265,86
19/06/19,265,82
21/06/19,265,95
24/06/19,265,18
25/06/19,264,61
26/06/19,265,5
27/06/19,265,91
28/06/19,266,79
01/07/19,268,32
02/07/19,268,21
03/07/19,270,73
04/07/19,270,73
05/07/19,270,55
08/07/19,270,36
09/07/19,269,45
10/07/19,268,86
11/07/19,268,9
12/07/19,267,98
15/07/19,268,49
16/07/19,269,1
17/07/19,268,28
18/07/19,268,38
19/07/19,269,4
22/07/19,270,11
23/07/19,271,98
24/07/19,272,89
25/07/19,272,53
26/07/19,273,64
29/07/19,273,58
30/07/19,269,94
31/07/19,268,96
01/08/19,270,49
02/08/19,266,99
05/08/19,262,52
06/08/19,263,16
07/08/19,263,1
08/08/19,265,36
09/08/19,264,37
12/08/19,263,18
13/08/19,264,28
14/08/19,260,91
15/08/19,260,49
16/08/19,263,33
19/08/19,265,22
20/08/19,263,87
21/08/19,265,95
22/08/19,265,48
23/08/19,262,16
26/08/19,262,49
27/08/19,261,61
28/08/19,261,65
29/08/19,263,87
30/08/19,264,99
02/09/19,266,16
03/09/19,265,26
04/09/19,266,86
05/09/19,268,85
06/09/19,269,2
09/09/19,268,47
10/09/19,268,53
11/09/19,271,13
12/09/19,271,74
13/09/19,271,82
16/09/19,271,14
17/09/19,270,63
18/09/19,270,7
19/09/19,270,75
20/09/19,270,71
23/09/19,270,32
24/09/19,268,3
25/09/19,269,48
26/09/19,269,44
27/09/19,269,73
30/09/19,271,39
01/10/19,269,48
02/10/19,267,78
04/10/19,269,81
07/10/19,269,6
08/10/19,268,5
09/10/19,269,32
10/10/19,270,77
11/10/19,272,21
14/10/19,272,5
15/10/19,273,36
16/10/19,273,1
17/10/19,272,75
18/10/19,271,89
21/10/19,273,31
22/10/19,273,77
23/10/19,275,88
24/10/19,275,82
25/10/19,274,4
28/10/19,275,73
29/10/19,274,26
30/10/19,274,11
31/10/19,273,92
01/11/19,276,53
04/11/19,277,63
05/11/19,279,6
06/11/19,278,58
07/11/19,279,86
08/11/19,280,45
11/11/19,280,84
12/11/19,281,58
13/11/19,281,66
14/11/19,280,69
15/11/19,281,45
18/11/19,280,46
19/11/19,280,3
20/11/19,279,41
21/11/19,278,46
22/11/19,279,34
25/11/19,281,58
26/11/19,282,33
27/11/19,282,11
28/11/19,282,4
29/11/19,281,26
02/12/19,279,79
03/12/19,279,15
04/12/19,280,49
05/12/19,280,95
06/12/19,283,2
09/12/19,281,93
10/12/19,281,97
11/12/19,282,94
12/12/19,282,56
13/12/19,283,3
16/12/19,286,9
17/12/19,284,78
18/12/19,285,1
19/12/19,285,8
20/12/19,286,99
23/12/19,287,66
27/12/19,288,85
30/12/19,287,45
02/01/20,289,13
03/01/20,287,69
06/01/20,288,13
07/01/20,288,99
08/01/20,289,77
09/01/20,290,31
10/01/20,290,9
13/01/20,290,43
14/01/20,289,95
15/01/20,290,26
16/01/20,290,95
17/01/20,291,8
20/01/20,291,59
21/01/20,291,61
22/01/20,290,68
23/01/20,290,57
24/01/20,290,52
27/01/20,286,68
28/01/20,289,24
29/01/20,288,74
30/01/20,287,99
31/01/20,286,57
03/02/20,287,65
04/02/20,290,41
05/02/20,292,6
06/02/20,292,31
07/02/20,290,94
10/02/20,292,22
11/02/20,294,4
12/02/20,296,5
13/02/20,295,52
14/02/20,295,73
17/02/20,295,67
18/02/20,295,7
19/02/20,296,1
20/02/20,294,87
21/02/20,292,58
24/02/20,286,7
25/02/20,284,44
26/02/20,283,77
27/02/20,274,18
28/02/20,270,45
02/03/20,274,83
03/03/20,272,72
04/03/20,277,49
05/03/20,273,41
06/03/20,268,19
09/03/20,252,86
10/03/20,256,85
11/03/20,252,77
12/03/20,234,31
13/03/20,241,51
16/03/20,224,49
17/03/20,229,26
18/03/20,220,61
19/03/20,227,64
20/03/20,225,92
23/03/20,219,9
24/03/20,236,37
25/03/20,239,61
26/03/20,244,38
27/03/20,235,86
30/03/20,239,73
31/03/20,241,72
01/04/20,236,59
02/04/20,238,87
03/04/20,237,55
06/04/20,248,12
07/04/20,250,22
08/04/20,253,88
09/04/20,256,49
14/04/20,262,93
15/04/20,260,17
16/04/20,262,81
17/04/20,266,26
20/04/20,265,9
21/04/20,257,93
22/04/20,261,56
23/04/20,262,98
24/04/20,262,99
27/04/20,264,89
28/04/20,265,44
29/04/20,272,5
30/04/20,268,54
04/05/20,261,66
05/05/20,265,43
06/05/20,267,71
07/05/20,270,97
08/05/20,273,46
11/05/20,274,99
12/05/20,272,8
13/05/20,270,27
14/05/20,271,49
15/05/20,273,82
18/05/20,278,74
19/05/20,278,31
20/05/20,280,81
22/05/20,280,23
25/05/20,282,54
26/05/20,282,17
27/05/20,284,66
28/05/20,283,86
29/05/20,284,43
02/06/20,288,82
03/06/20,293,29
04/06/20,290,9
05/06/20,295,23
08/06/20,295,86
09/06/20,294,8
10/06/20,295,47
12/06/20,288,15
15/06/20,289,64
16/06/20,293,11
17/06/20,295,56
18/06/20,294,27
19/06/20,295,8
22/06/20,294,85
23/06/20,296,18
24/06/20,292,37
25/06/20,295,59
26/06/20,291,96
29/06/20,292,9
30/06/20,296,16
01/07/20,296,69
02/07/20,300,56
03/07/20,298,94
06/07/20,302,44
07/07/20,300,75
08/07/20,302,69
09/07/20,303,59
10/07/20,305,5
13/07/20,301,73
14/07/20,302,78
15/07/20,303,8
16/07/20,301,25
17/07/20,301,24
20/07/20,305,1
21/07/20,303,76
22/07/20,302,53
23/07/20,299,16
24/07/20,297,17
27/07/20,297,33
28/07/20,297,12
29/07/20,298,24
30/07/20,295,29
31/07/20,298,38
03/08/20,302,34
04/08/20,300,6
05/08/20,300,87
06/08/20,301,47
07/08/20,300,65
10/08/20,300,9
11/08/20,300,82
12/08/20,303,18
13/08/20,302,72
14/08/20,301,31
17/08/20,302,62
18/08/20,303,63
19/08/20,303,53
20/08/20,304,1
21/08/20,304,63
24/08/20,305,18
25/08/20,306,18
26/08/20,308,38
27/08/20,307,8
28/08/20,307,45
31/08/20,306,69
01/09/20,308,13
02/09/20,311,4
03/09/20,303,73
04/09/20,302,39
07/09/20,303,52
08/09/20,298,62
09/09/20,303,49
10/09/20,299,11
11/09/20,299,77
14/09/20,299,85
15/09/20,299,33
16/09/20,293,7
17/09/20,295,55
18/09/20,292,68
21/09/20,289,81
22/09/20,293,79
23/09/20,290,76
24/09/20,290,91
25/09/20,292,2
28/09/20,294,26
29/09/20,292,34
30/09/20,293,87
01/10/20,294,34
02/10/20,291,73
05/10/20,296,52
06/10/20,295,35
07/10/20,297,65
08/10/20,298,61
09/10/20,300,21
12/10/20,302,56
13/10/20,301,8
14/10/20,299,66
15/10/20,297,71
16/10/20,297,39
19/10/20,294,87
20/10/20,296,
21/10/20,293,64
22/10/20,294,15
23/10/20,295,42
26/10/20,290,24
27/10/20,290,6
28/10/20,284,98
29/10/20,288,28
30/10/20,285,17
02/11/20,287,13
03/11/20,289,78
04/11/20,296,5
05/11/20,298,49
06/11/20,298,29
09/11/20,299,71
10/11/20,300,25
11/11/20,305,28
12/11/20,300,29
13/11/20,302,17
16/11/20,302,94
17/11/20,303,74
18/11/20,302,93
19/11/20,303,51
20/11/20,301,84
23/11/20,301,74
24/11/20,303,23
25/11/20,303,55
26/11/20,304,
27/11/20,303,95
30/11/20,301,89
01/12/20,305,45
02/12/20,305,75
03/12/20,304,52
04/12/20,305,58
07/12/20,305,1
08/12/20,305,31
09/12/20,304,8
10/12/20,305,46
11/12/20,305,67
14/12/20,305,14
15/12/20,306,8
16/12/20,308,32
17/12/20,308,38
18/12/20,308,21
21/12/20,305,95
22/12/20,307,95
23/12/20,307,3
28/12/20,309,57
29/12/20,308,89
30/12/20,307,81
04/01/21,306,9
05/01/21,307,76
06/01/21,306,77
07/01/21,309,83
08/01/21,310,79
11/01/21,309,53
12/01/21,309,15
13/01/21,308,68
14/01/21,308,34
15/01/21,306,29
18/01/21,307,34
19/01/21,308,96
20/01/21,313,33
21/01/21,312,24
22/01/21,311,81
25/01/21,312,27
26/01/21,312,84
27/01/21,317,4
28/01/21,314,5
29/01/21,311,6
01/02/21,315,94
02/02/21,318,1
03/02/21,318,91
04/02/21,320,38
05/02/21,320,65
08/02/21,317,67
09/02/21,317,88
10/02/21,318,47
11/02/21,318,39
12/02/21,318,59
15/02/21,319,15
16/02/21,319,53
17/02/21,320,68
18/02/21,320,92
19/02/21,319,77
22/02/21,316,89
23/02/21,317,
24/02/21,318,46
25/02/21,313,55
26/02/21,315,97
01/03/21,320,43
02/03/21,319,4
03/03/21,317,78
04/03/21,316,22
05/03/21,319,56
08/03/21,318,13
09/03/21,322,32
10/03/21,321,2
11/03/21,323,54
12/03/21,321,36
15/03/21,321,27
16/03/21,322,9
17/03/21,323,24
18/03/21,321,68
19/03/21,320,13
22/03/21,322,51
23/03/21,321,5
24/03/21,319,28
25/03/21,319,93
26/03/21,321,21
29/03/21,321,74
30/03/21,321,59
31/03/21,321,97
01/04/21,325,59
06/04/21,327,23
07/04/21,328,38
08/04/21,328,18
09/04/21,329,48
12/04/21,327,17
13/04/21,329,2
14/04/21,327,5
15/04/21,329,52
16/04/21,330,65
19/04/21,329,12
20/04/21,326,94
21/04/21,328,18
22/04/21,328,13
23/04/21,328,22
26/04/21,330,3
27/04/21,329,65
28/04/21,330,86
29/04/21,330,36
30/04/21,329,1
03/05/21,329,37
04/05/21,326,68
05/05/21,331,63
06/05/21,331,5
07/05/21,331,83
10/05/21,329,72
11/05/21,327,65
12/05/21,326,6
14/05/21,327,2
17/05/21,327,91
18/05/21,328,52
19/05/21,326,97
20/05/21,330,57
21/05/21,328,71
25/05/21,329,18
26/05/21,329,63
27/05/21,328,57
28/05/21,329,53
31/05/21,328,18
01/06/21,330,4
02/06/21,329,21
04/06/21,330,66
07/06/21,330,54
08/06/21,331,13
09/06/21,331,7
10/06/21,332,14
11/06/21,333,55
14/06/21,334,7
15/06/21,334,19
16/06/21,333,11
17/06/21,336,39
18/06/21,335,47
21/06/21,335,1
22/06/21,337,24
23/06/21,335,5
24/06/21,337,16
25/06/21,336,13
28/06/21,337,65
29/06/21,338,34
30/06/21,337,45
01/07/21,338,45
02/07/21,341,59
05/07/21,339,71
06/07/21,340,81
07/07/21,342,96
08/07/21,338,89
09/07/21,341,9
12/07/21,341,87
13/07/21,342,73
14/07/21,342,16
15/07/21,341,
16/07/21,340,7
19/07/21,336,67
20/07/21,338,3
21/07/21,340,55
22/07/21,341,22
23/07/21,341,73
26/07/21,340,51
27/07/21,337,1
28/07/21,340,27
29/07/21,340,82
30/07/21,338,61
02/08/21,338,58
03/08/21,337,74
04/08/21,339,48
05/08/21,339,88
06/08/21,341,54
09/08/21,342,22
10/08/21,344,22
11/08/21,341,85
12/08/21,343,27
13/08/21,342,8
16/08/21,342,55
17/08/21,340,58
18/08/21,340,99
19/08/21,341,32
20/08/21,341,3
23/08/21,341,2
24/08/21,342,38
25/08/21,343,75
26/08/21,342,23
27/08/21,343,6
30/08/21,344,18
31/08/21,344,46
01/09/21,345,63
02/09/21,344,85
03/09/21,344,84
06/09/21,345,89
07/09/21,345,22
08/09/21,344,14
09/09/21,342,14
10/09/21,341,21
13/09/21,341,92
14/09/21,340,89
15/09/21,341,16
16/09/21,339,99
17/09/21,338,35
20/09/21,334,72
21/09/21,337,7
22/09/21,338,52
23/09/21,340,2
24/09/21,339,57
27/09/21,339,32
28/09/21,334,99
29/09/21,335,98
30/09/21,336,5
01/10/21,336,93
04/10/21,334,46
05/10/21,336,18
06/10/21,336,49
07/10/21,338,85
08/10/21,338,23
11/10/21,337,7
12/10/21,336,37
13/10/21,337,3
14/10/21,340,5
15/10/21,341,67
18/10/21,341,79
19/10/21,343,5
20/10/21,343,36
21/10/21,342,73
22/10/21,342,27
25/10/21,342,13
26/10/21,343,9
27/10/21,345,2
28/10/21,346,11
29/10/21,346,93
01/11/21,346,18
02/11/21,346,47
03/11/21,347,81
04/11/21,349,12
05/11/21,347,78
08/11/21,347,22
09/11/21,346,83
10/11/21,346,67
11/11/21,348,2
12/11/21,348,96
15/11/21,349,15
16/11/21,352,95
17/11/21,351,92
18/11/21,351,29
19/11/21,351,38
22/11/21,349,56
23/11/21,348,52
24/11/21,348,73
25/11/21,348,77
26/11/21,340,87
29/11/21,344,14
30/11/21,342,33
01/12/21,343,96
02/12/21,341,67
03/12/21,341,91
06/12/21,344,17
07/12/21,349,65
08/12/21,347,48
09/12/21,348,11
10/12/21,348,33
13/12/21,347,37
14/12/21,346,8
15/12/21,349,7
16/12/21,348,55
17/12/21,346,86
20/12/21,342,22
21/12/21,346,88
22/12/21,347,31
23/12/21,348,97
27/12/21,349,95
28/12/21,350,68
29/12/21,349,62
30/12/21,350,37
03/01/22,351,83
04/01/22,351,51
05/01/22,348,8
06/01/22,348,89
07/01/22,349,39
10/01/22,349,46
11/01/22,351,36
12/01/22,353,11
13/01/22,350,2
14/01/22,349,45
17/01/22,349,93
18/01/22,347,58
19/01/22,346,54
20/01/22,347,38
21/01/22,343,17
24/01/22,339,25
25/01/22,338,2
26/01/22,340,89
27/01/22,341,84
28/01/22,343,
31/01/22,345,55
01/02/22,346,75
02/02/22,347,4
03/02/22,340,68
04/02/22,342,1
07/02/22,341,8
08/02/22,342,54
09/02/22,346,9
10/02/22,342,42
11/02/22,340,67
14/02/22,338,57
15/02/22,339,24
16/02/22,339,85
17/02/22,336,88
18/02/22,334,7
21/02/22,331,66
22/02/22,330,8
23/02/22,327,53
24/02/22,327,95
25/02/22,331,78
28/02/22,332,96
01/03/22,331,9
02/03/22,332,6
03/03/22,330,32
04/03/22,326,6
07/03/22,321,29
08/03/22,321,19
09/03/22,328,77
10/03/22,326,83
11/03/22,326,45
14/03/22,322,92
15/03/22,322,81
16/03/22,331,58
17/03/22,333,9
18/03/22,335,88
21/03/22,335,69
22/03/22,339,49
23/03/22,337,97
24/03/22,338,6
25/03/22,338,39
28/03/22,338,97
29/03/22,340,61
30/03/22,339,34
31/03/22,336,43
01/04/22,338,82
04/04/22,341,4
05/04/22,340,83
06/04/22,336,7
07/04/22,335,98
08/04/22,337,22
11/04/22,334,4
12/04/22,333,61
13/04/22,334,57
14/04/22,334,13
19/04/22,333,8
20/04/22,332,63
21/04/22,330,45
22/04/22,327,98
25/04/22,326,95
26/04/22,325,46
27/04/22,327,77
28/04/22,330,75
29/04/22,328,7
02/05/22,328,3
03/05/22,327,62
04/05/22,328,6
05/05/22,323,46
06/05/22,319,
09/05/22,313,65
10/05/22,314,43
11/05/22,315,47
12/05/22,315,41
13/05/22,319,54
16/05/22,318,28
17/05/22,320,41
18/05/22,315,74
19/05/22,312,5
20/05/22,314,8
23/05/22,315,28
24/05/22,310,63
25/05/22,312,36
27/05/22,320,4
30/05/22,321,23
31/05/22,321,59
01/06/22,321,54
02/06/22,322,88
03/06/22,320,21
07/06/22,323,9
08/06/22,323,26
09/06/22,319,81
10/06/22,314,78
13/06/22,308,7
14/06/22,307,5
15/06/22,311,16
17/06/22,307,71
20/06/22,307,36
21/06/22,309,62
22/06/22,308,31
23/06/22,310,71
24/06/22,318,6
27/06/22,319,66
28/06/22,318,98
29/06/22,319,44
30/06/22,316,42
01/07/22,319,44
04/07/22,319,25
05/07/22,322,42
06/07/22,326,19
07/07/22,331,56
08/07/22,330,51
11/07/22,328,87
12/07/22,327,34
13/07/22,324,26
14/07/22,325,74
15/07/22,327,19
18/07/22,325,78
19/07/22,329,16
20/07/22,331,7
21/07/22,333,61
22/07/22,333,7
25/07/22,331,54
26/07/22,329,76
27/07/22,333,91
28/07/22,336,92
29/07/22,340,24
01/08/22,337,77
02/08/22,337,5
03/08/22,342,5
04/08/22,342,64
05/08/22,341,5
08/08/22,340,26
09/08/22,338,22
10/08/22,340,36
11/08/22,341,15
12/08/22,344,47
15/08/22,345,85
16/08/22,345,64
17/08/22,343,87
18/08/22,343,93
19/08/22,341,6
22/08/22,339,18
23/08/22,337,85
24/08/22,338,21
25/08/22,341,87
26/08/22,334,4
29/08/22,331,87
30/08/22,330,15
31/08/22,327,82
01/09/22,327,9
02/09/22,327,52
05/09/22,328,11
06/09/22,327,45
07/09/22,327,93
08/09/22,328,55
09/09/22,331,24
12/09/22,333,45
13/09/22,326,79
14/09/22,325,36
15/09/22,322,3
16/09/22,318,39
19/09/22,319,8
20/09/22,317,68
21/09/22,317,35
22/09/22,315,22
23/09/22,313,31
26/09/22,313,93
27/09/22,313,76
28/09/22,315,39
29/09/22,308,67
30/09/22,308,23
04/10/22,317,35
05/10/22,318,43
06/10/22,317,48
07/10/22,311,65
10/10/22,309,8
11/10/22,306,68
12/10/22,305,44
13/10/22,307,23
14/10/22,304,87
17/10/22,309,
18/10/22,311,88
19/10/22,309,62
20/10/22,308,72
21/10/22,311,2
24/10/22,308,73
25/10/22,312,7
26/10/22,309,78
27/10/22,307,93
28/10/22,308,85
31/10/22,309,52
01/11/22,309,96
02/11/22,307,2
03/11/22,303,26
04/11/22,305,35
07/11/22,307,4
08/11/22,308,2
09/11/22,305,1
10/11/22,316,14
11/11/22,319,55
14/11/22,318,68
15/11/22,321,11
16/11/22,318,2
17/11/22,317,67
18/11/22,316,96
21/11/22,316,3
22/11/22,315,86
23/11/22,316,48
24/11/22,317,71
25/11/22,317,62
28/11/22,316,12
29/11/22,314,44
30/11/22,320,67
01/12/22,318,94
02/12/22,318,52
05/12/22,316,2
06/12/22,314,44
07/12/22,313,54
08/12/22,314,73
09/12/22,315,81
12/12/22,315,7
13/12/22,318,9
14/12/22,317,92
15/12/22,309,44
16/12/22,307,7
19/12/22,306,17
20/12/22,304,74
21/12/22,308,55
22/12/22,305,75
23/12/22,306,28
27/12/22,305,45
28/12/22,304,68
29/12/22,308,26
30/12/22,306,8
02/01/23,308,35
03/01/23,312,99
04/01/23,317,
05/01/23,315,39
06/01/23,318,28
09/01/23,319,82
10/01/23,319,34
11/01/23,321,52
12/01/23,322,11
13/01/23,323,58
16/01/23,324,16
17/01/23,324,37
18/01/23,323,45
19/01/23,320,48
20/01/23,323,5
23/01/23,325,34
24/01/23,325,32
25/01/23,324,4
26/01/23,327,91
27/01/23,329,78
30/01/23,325,55
31/01/23,327,25
01/02/23,326,84
02/02/23,333,67
03/02/23,332,5
06/02/23,330,44
07/02/23,332,86
08/02/23,330,42
09/02/23,330,7
10/02/23,329,2
13/02/23,331,79
14/02/23,330,76
15/02/23,332,91
16/02/23,331,28
17/02/23,329,1
20/02/23,328,72
21/02/23,324,34
22/02/23,324,27
23/02/23,325,6
24/02/23,322,6
27/02/23,322,48
28/02/23,321,89
01/03/23,321,3
02/03/23,324,4
03/03/23,326,94
06/03/23,327,47
07/03/23,324,88
08/03/23,324,82
09/03/23,322,22
10/03/23,316,76
13/03/23,315,22
14/03/23,318,87
15/03/23,318,52
16/03/23,321,2
17/03/23,319,29
20/03/23,318,93
21/03/23,321,2
22/03/23,320,25
23/03/23,321,93
24/03/23,322,43
27/03/23,320,64
28/03/23,320,16
29/03/23,324,69
30/03/23,326,42
31/03/23,328,71
03/04/23,327,62
04/04/23,326,67
05/04/23,325,54
06/04/23,328,81
11/04/23,327,26
12/04/23,325,7
13/04/23,329,25
14/04/23,331,38
17/04/23,333,54
18/04/23,333,89
19/04/23,333,1
20/04/23,332,76
21/04/23,334,12
24/04/23,332,14
25/04/23,330,3
26/04/23,330,6
27/04/23,333,93
28/04/23,334,62
02/05/23,331,64
03/05/23,331,36
04/05/23,330,6
05/05/23,335,63
08/05/23,335,86
09/05/23,334,17
10/05/23,335,36
11/05/23,336,3
12/05/23,336,83
15/05/23,338,99
16/05/23,338,83
17/05/23,341,35
19/05/23,343,98
22/05/23,344,18
23/05/23,341,15
24/05/23,338,28
25/05/23,337,88
26/05/23,341,11
30/05/23,340,31
31/05/23,338,95
01/06/23,340,3
02/06/23,344,2
05/06/23,343,27
06/06/23,344,93
07/06/23,341,79
09/06/23,342,2
12/06/23,343,4
13/06/23,343,91
14/06/23,344,97
15/06/23,346,52
16/06/23,345,74
19/06/23,345,47
20/06/23,343,5
21/06/23,341,71
22/06/23,342,57
23/06/23,341,49
26/06/23,340,72
27/06/23,340,31
28/06/23,342,36
29/06/23,341,79
30/06/23,343,9
03/07/23,343,72
04/07/23,344,53
05/07/23,344,73
06/07/23,340,82
07/07/23,340,93
10/07/23,339,61
11/07/23,340,79
12/07/23,343,42
13/07/23,345,13
14/07/23,344,44
17/07/23,343,78
18/07/23,344,4
19/07/23,344,94
20/07/23,344,21
21/07/23,344,27
24/07/23,345,4
25/07/23,346,81
26/07/23,347,24
27/07/23,349,58
28/07/23,350,43
31/07/23,351,61
01/08/23,351,4
02/08/23,348,3
03/08/23,348,53
04/08/23,348,17
07/08/23,349,27
08/08/23,350,21
09/08/23,348,62
10/08/23,349,17
11/08/23,347,59
14/08/23,350,7
15/08/23,348,
16/08/23,347,18
17/08/23,346,54
18/08/23,345,4
21/08/23,345,4
22/08/23,346,16
23/08/23,348,48
24/08/23,346,52
25/08/23,347,45
28/08/23,348,7
29/08/23,350,55
30/08/23,349,23
31/08/23,350,64
01/09/23,351,74
04/09/23,352,38
,,
, proporcionados por Morningstar.,
