Date,Close,fear_metric,rating,,,
2014-04-09,100.49,31.0,fear,,,
2014-04-10,98.95,31.0,fear,,,
2014-04-11,97.85,21.0,extreme_fear,,,
2014-04-14,98.73,23.0,extreme_fear,,,
2014-04-15,98.81,23.0,extreme_fear,,,
2014-04-16,100.03,28.0,fear,,,
2014-04-17,100.12,28.0,fear,,,
2014-04-22,101.14,40.0,fear,,,
2014-04-23,100.76,40.0,fear,,,
2014-04-24,100.94,39.0,fear,,,
2014-04-25,100.21,35.0,fear,,,
2014-04-28,100.28,34.0,fear,,,
2014-04-29,101.07,34.0,fear,,,ยบ
2014-04-30,101.06,33.0,fear,,,
2014-05-02,101.16,32.0,fear,,,
2014-05-05,101.13,34.0,fear,,,
2014-05-06,100.37,34.0,fear,,,
2014-05-07,100.48,33.0,fear,,,
2014-05-08,101.13,33.0,fear,,,
2014-05-09,101.73,42.0,fear,,,
2014-05-12,102.47,45.0,fear,,,
2014-05-13,103.05,39.0,fear,,,
2014-05-14,102.88,38.0,fear,,,
2014-05-15,102.08,28.0,fear,,,
2014-05-16,102.26,28.0,fear,,,
2014-05-19,102.3,26.0,fear,,,
2014-05-20,102.01,21.0,extreme_fear,,,
2014-05-21,102.78,29.0,fear,,,
2014-05-22,103.22,36.0,fear,,,
2014-05-23,103.74,37.0,fear,,,
2014-05-27,104.47,40.0,fear,,,
2014-05-28,104.52,42.0,fear,,,
2014-05-30,104.7,45.0,fear,,,
2014-06-02,105.13,58.0,greed,,,
2014-06-03,104.94,66.0,greed,,,
2014-06-04,105.06,66.0,greed,,,
2014-06-05,105.6,81.0,extreme_greed,,,
2014-06-06,105.96,81.0,extreme_greed,,,
2014-06-10,106.75,90.0,extreme_greed,,,
2014-06-11,106.62,88.0,extreme_greed,,,
2014-06-12,106.13,83.0,extreme_greed,,,
2014-06-13,106.42,85.0,extreme_greed,,,
2014-06-16,106.06,87.0,extreme_greed,,,
2014-06-17,106.37,88.0,extreme_greed,,,
2014-06-18,106.7,94.0,extreme_greed,,,
2014-06-19,106.89,95.0,extreme_greed,,,
2014-06-20,107.27,95.0,extreme_greed,,,
2014-06-24,106.53,83.0,extreme_greed,,,
2014-06-25,106.28,83.0,extreme_greed,,,
2014-06-26,106.59,77.0,extreme_greed,,,
2014-06-27,106.42,76.0,extreme_greed,,,
2014-06-30,106.19,87.0,extreme_greed,,,
2014-07-01,106.97,87.0,extreme_greed,,,
2014-07-02,107.31,87.0,extreme_greed,,,
2014-07-03,108.11,86.0,extreme_greed,,,
2014-07-07,107.67,68.0,greed,,,
2014-07-08,106.74,74.0,greed,,,
2014-07-09,106.8,62.0,greed,,,
2014-07-10,106.39,56.0,greed,,,
2014-07-11,106.49,57.0,greed,,,
2014-07-14,106.95,59.0,greed,,,
2014-07-15,107.05,56.0,greed,,,
2014-07-16,107.95,55.0,greed,,,
2014-07-17,107.08,32.0,fear,,,
2014-07-18,107.71,46.0,fear,,,
2014-07-21,107.36,37.0,fear,,,
2014-07-22,108.43,38.0,fear,,,
2014-07-23,108.68,39.0,fear,,,
2014-07-24,108.76,42.0,fear,,,
2014-07-25,108.56,34.0,fear,,,
2014-07-28,108.5,34.0,fear,,,
2014-07-29,108.49,31.0,fear,,,
2014-07-30,108.51,26.0,fear,,,
2014-07-31,106.89,10.0,extreme_fear,,,
2014-08-01,105.97,5.0,extreme_fear,,,
2014-08-04,106.32,5.0,extreme_fear,,,
2014-08-05,105.98,5.0,extreme_fear,,,
2014-08-06,105.8,5.0,extreme_fear,,,
2014-08-07,105.32,5.0,extreme_fear,,,
2014-08-08,105.19,10.0,extreme_fear,,,
2014-08-11,106.1,7.0,extreme_fear,,,
2014-08-12,106.19,8.0,extreme_fear,,,
2014-08-13,106.64,13.0,extreme_fear,,,
2014-08-14,107.08,16.0,extreme_fear,,,
2014-08-18,107.96,26.0,fear,,,
2014-08-19,108.81,31.0,fear,,,
2014-08-20,109.13,37.0,fear,,,
2014-08-21,109.55,36.0,fear,,,
2014-08-22,109.62,37.0,fear,,,
2014-08-25,110.47,35.0,fear,,,
2014-08-26,110.68,36.0,fear,,,
2014-08-27,110.79,33.0,fear,,,
2014-08-28,110.62,33.0,fear,,,
2014-08-29,110.93,41.0,fear,,,
2014-09-02,111.26,48.0,fear,,,
2014-09-03,111.44,48.0,fear,,,
2014-09-04,112.7,47.0,fear,,,
2014-09-05,112.9,50.0,neutral,,,
2014-09-08,112.59,47.0,fear,,,
2014-09-09,112.18,42.0,fear,,,
2014-09-10,112.34,45.0,fear,,,
2014-09-11,112.22,44.0,fear,,,
2014-09-12,111.77,43.0,fear,,,
2014-09-15,111.59,38.0,fear,,,
2014-09-16,111.93,37.0,fear,,,
2014-09-17,111.96,42.0,fear,,,
2014-09-18,112.77,37.0,fear,,,
2014-09-19,113.33,36.0,fear,,,
2014-09-22,112.59,22.0,extreme_fear,,,
2014-09-23,111.58,18.0,extreme_fear,,,
2014-09-24,112.63,17.0,extreme_fear,,,
2014-09-25,111.74,8.0,extreme_fear,,,
2014-09-26,112.58,13.0,extreme_fear,,,
2014-09-29,112.29,11.0,extreme_fear,,,
2014-09-30,112.53,12.0,extreme_fear,,,
2014-10-01,111.59,7.0,extreme_fear,,,
2014-10-02,110.34,3.0,extreme_fear,,,
2014-10-03,112.08,5.0,extreme_fear,,,
2014-10-06,111.87,5.0,extreme_fear,,,
2014-10-07,110.12,6.0,extreme_fear,,,
2014-10-08,110.45,4.0,extreme_fear,,,
2014-10-09,108.89,3.0,extreme_fear,,,
2014-10-10,107.9,1.0,extreme_fear,,,
2014-10-14,106.51,2.0,extreme_fear,,,
2014-10-15,104.73,1.0,extreme_fear,,,
2014-10-16,104.37,2.0,extreme_fear,,,
2014-10-17,105.84,7.0,extreme_fear,,,
2014-10-20,106.55,5.0,extreme_fear,,,
2014-10-21,108.6,7.0,extreme_fear,,,
2014-10-22,108.89,8.0,extreme_fear,,,
2014-10-23,109.91,11.0,extreme_fear,,,
2014-10-24,110.26,13.0,extreme_fear,,,
2014-10-27,109.83,16.0,extreme_fear,,,
2014-10-28,110.69,21.0,extreme_fear,,,
2014-10-29,110.71,25.0,extreme_fear,,,
2014-10-30,112.12,31.0,fear,,,
2014-10-31,114.21,32.0,fear,,,
2014-11-03,114.02,40.0,fear,,,
2014-11-04,113.18,40.0,fear,,,
2014-11-05,114.5,49.0,fear,,,
2014-11-06,115.09,49.0,fear,,,
2014-11-07,115.26,55.0,greed,,,
2014-11-10,115.51,57.0,greed,,,
2014-11-12,115.26,56.0,greed,,,
2014-11-13,115.38,54.0,greed,,,
2014-11-14,115.39,53.0,greed,,,
2014-11-17,115.45,53.0,greed,,,
2014-11-18,115.65,54.0,greed,,,
2014-11-19,115.33,55.0,greed,,,
2014-11-20,115.39,59.0,greed,,,
2014-11-21,117.38,59.0,greed,,,
2014-11-24,117.36,62.0,greed,,,
2014-11-25,117.08,62.0,greed,,,
2014-11-26,117.02,63.0,greed,,,
2014-11-28,117.03,59.0,greed,,,
2014-12-01,116.29,55.0,greed,,,
2014-12-02,117.38,55.0,greed,,,
2014-12-03,118.42,59.0,greed,,,
2014-12-04,117.1,59.0,greed,,,
2014-12-05,118.56,61.0,greed,,,
2014-12-08,117.78,55.0,greed,,,
2014-12-09,116.21,46.0,fear,,,
2014-12-10,114.68,41.0,fear,,,
2014-12-11,115.05,37.0,fear,,,
2014-12-12,112.7,31.0,fear,,,
2014-12-15,111.68,22.0,extreme_fear,,,
2014-12-16,110.98,19.0,extreme_fear,,,
2014-12-17,113.15,21.0,extreme_fear,,,
2014-12-18,116.53,33.0,fear,,,
2014-12-19,117.41,33.0,fear,,,
2014-12-22,117.89,43.0,fear,,,
2014-12-23,118.74,45.0,fear,,,
2014-12-29,119.24,47.0,fear,,,
2014-12-30,118.66,47.0,fear,,,
2014-12-31,118.5,45.0,fear,,,
2015-01-02,118.84,37.0,fear,,,
2015-01-05,117.41,30.0,fear,,,
2015-01-06,116.42,21.0,extreme_fear,,,
2015-01-07,118.13,21.0,extreme_fear,,,
2015-01-08,120.53,28.0,fear,,,
2015-01-09,119.36,29.0,fear,,,
2015-01-12,119.02,30.0,fear,,,
2015-01-13,119.5,29.0,fear,,,
2015-01-14,118.54,30.0,fear,,,
2015-01-15,120.4,30.0,fear,,,
2015-01-16,122.28,26.0,fear,,,
2015-01-20,122.21,25.0,extreme_fear,,,
2015-01-21,122.73,28.0,fear,,,
2015-01-22,125.75,32.0,fear,,,
2015-01-23,127.41,31.0,fear,,,
2015-01-26,127.69,28.0,fear,,,
2015-01-27,125.55,28.0,fear,,,
2015-01-28,124.98,26.0,fear,,,
2015-01-29,125.36,26.0,fear,,,
2015-01-30,124.71,25.0,extreme_fear,,,
2015-02-02,125.36,30.0,fear,,,
2015-02-03,125.75,46.0,fear,,,
2015-02-04,126.01,42.0,fear,,,
2015-02-05,126.87,50.0,neutral,,,
2015-02-06,127.33,52.0,greed,,,
2015-02-09,126.96,52.0,greed,,,
2015-02-10,127.96,54.0,greed,,,
2015-02-11,127.88,61.0,greed,,,
2015-02-12,128.59,64.0,greed,,,
2015-02-13,129.08,73.0,greed,,,
2015-02-17,129.33,77.0,extreme_greed,,,
2015-02-18,130.05,79.0,extreme_greed,,,
2015-02-19,129.89,77.0,extreme_greed,,,
2015-02-20,130.67,80.0,extreme_greed,,,
2015-02-23,130.99,77.0,extreme_greed,,,
2015-02-24,131.55,75.0,greed,,,
2015-02-25,131.47,77.0,extreme_greed,,,
2015-02-26,132.94,78.0,extreme_greed,,,
2015-02-27,132.82,74.0,greed,,,
2015-03-02,133.35,74.0,greed,,,
2015-03-03,132.9,66.0,greed,,,
2015-03-04,133.73,66.0,greed,,,
2015-03-05,134.45,65.0,greed,,,
2015-03-06,134.84,58.0,greed,,,
2015-03-09,135.01,58.0,greed,,,
2015-03-10,134.45,52.0,greed,,,
2015-03-11,136.02,44.0,fear,,,
2015-03-12,136.91,46.0,fear,,,
2015-03-13,137.49,39.0,fear,,,
2015-03-16,138.37,42.0,fear,,,
2015-03-17,137.75,40.0,fear,,,
2015-03-18,138.64,39.0,fear,,,
2015-03-19,138.69,43.0,fear,,,
2015-03-20,138.33,43.0,fear,,,
2015-03-23,136.92,48.0,fear,,,
2015-03-24,136.75,44.0,fear,,,
2015-03-25,134.53,44.0,fear,,,
2015-03-26,134.5,37.0,fear,,,
2015-03-27,134.93,36.0,fear,,,
2015-03-30,136.63,37.0,fear,,,
2015-03-31,136.48,37.0,fear,,,
2015-04-01,136.05,35.0,fear,,,
2015-04-02,135.35,40.0,fear,,,
2015-04-07,136.8,48.0,fear,,,
2015-04-08,137.88,48.0,fear,,,
2015-04-09,139.8,56.0,greed,,,
2015-04-10,141.07,56.0,greed,,,
2015-04-13,141.18,60.0,greed,,,
2015-04-14,140.2,60.0,greed,,,
2015-04-15,141.66,60.0,greed,,,
2015-04-16,140.67,57.0,greed,,,
2015-04-17,138.33,57.0,greed,,,
2015-04-20,139.42,55.0,greed,,,
2015-04-21,139.81,59.0,greed,,,
2015-04-22,140.44,59.0,greed,,,
2015-04-23,139.9,64.0,greed,,,
2015-04-24,139.68,66.0,greed,,,
2015-04-27,139.58,59.0,greed,,,
2015-04-28,138.5,61.0,greed,,,
2015-04-29,135.86,61.0,greed,,,
2015-04-30,133.9,53.0,greed,,,
2015-05-04,135.39,61.0,greed,,,
2015-05-05,133.77,58.0,greed,,,
2015-05-06,131.78,58.0,greed,,,
2015-05-07,132.63,53.0,greed,,,
2015-05-08,135.09,58.0,greed,,,
2015-05-11,135.52,53.0,greed,,,
2015-05-12,134.06,49.0,fear,,,
2015-05-13,133.21,55.0,greed,,,
2015-05-15,133.5,57.0,greed,,,
2015-05-18,134.51,62.0,greed,,,
2015-05-19,137.0,62.0,greed,,,
2015-05-20,137.34,64.0,greed,,,
2015-05-21,137.64,64.0,greed,,,
2015-05-22,138.32,60.0,greed,,,
2015-05-26,138.19,50.0,neutral,,,
2015-05-27,139.4,47.0,fear,,,
2015-05-28,138.75,47.0,fear,,,
2015-05-29,137.24,43.0,fear,,,
2015-06-01,138.0,40.0,fear,,,
2015-06-02,135.47,43.0,fear,,,
2015-06-03,134.42,45.0,fear,,,
2015-06-04,133.19,44.0,fear,,,
2015-06-05,134.11,40.0,fear,,,
2015-06-08,132.35,36.0,fear,,,
2015-06-09,131.85,36.0,fear,,,
2015-06-10,133.05,37.0,fear,,,
2015-06-11,134.03,41.0,fear,,,
2015-06-12,132.93,30.0,fear,,,
2015-06-15,132.11,26.0,fear,,,
2015-06-16,132.85,27.0,fear,,,
2015-06-17,132.74,26.0,fear,,,
2015-06-18,132.14,34.0,fear,,,
2015-06-19,132.54,30.0,fear,,,
2015-06-22,133.34,42.0,fear,,,
2015-06-24,135.07,36.0,fear,,,
2015-06-25,134.65,34.0,fear,,,
2015-06-26,134.88,33.0,fear,,,
2015-06-29,131.83,8.0,extreme_fear,,,
2015-06-30,131.75,11.0,extreme_fear,,,
2015-07-01,133.14,18.0,extreme_fear,,,
2015-07-02,133.12,16.0,extreme_fear,,,
2015-07-06,132.15,13.0,extreme_fear,,,
2015-07-07,133.48,13.0,extreme_fear,,,
2015-07-08,130.56,9.0,extreme_fear,,,
2015-07-09,131.62,12.0,extreme_fear,,,
2015-07-10,132.06,14.0,extreme_fear,,,
2015-07-13,135.19,24.0,extreme_fear,,,
2015-07-14,136.15,24.0,extreme_fear,,,
2015-07-15,136.62,30.0,fear,,,
2015-07-16,138.35,30.0,fear,,,
2015-07-17,138.93,34.0,fear,,,
2015-07-20,138.9,34.0,fear,,,
2015-07-21,137.68,25.0,extreme_fear,,,
2015-07-22,137.3,20.0,extreme_fear,,,
2015-07-23,135.93,15.0,extreme_fear,,,
2015-07-24,134.77,15.0,extreme_fear,,,
2015-07-27,132.23,7.0,extreme_fear,,,
2015-07-28,134.03,17.0,extreme_fear,,,
2015-07-29,135.17,21.0,extreme_fear,,,
2015-07-30,136.44,21.0,extreme_fear,,,
2015-07-31,135.33,20.0,extreme_fear,,,
2015-08-03,135.93,24.0,extreme_fear,,,
2015-08-04,135.87,28.0,fear,,,
2015-08-05,137.35,21.0,extreme_fear,,,
2015-08-06,136.02,18.0,extreme_fear,,,
2015-08-07,135.29,10.0,extreme_fear,,,
2015-08-10,136.26,9.0,extreme_fear,,,
2015-08-11,134.12,12.0,extreme_fear,,,
2015-08-12,131.91,9.0,extreme_fear,,,
2015-08-13,132.66,11.0,extreme_fear,,,
2015-08-14,133.05,11.0,extreme_fear,,,
2015-08-17,133.91,14.0,extreme_fear,,,
2015-08-18,134.05,13.0,extreme_fear,,,
2015-08-19,132.4,13.0,extreme_fear,,,
2015-08-20,128.56,8.0,extreme_fear,,,
2015-08-21,123.78,8.0,extreme_fear,,,
2015-08-24,116.45,3.0,extreme_fear,,,
2015-08-25,117.71,9.0,extreme_fear,,,
2015-08-26,120.23,12.0,extreme_fear,,,
2015-08-27,124.86,13.0,extreme_fear,,,
2015-08-28,125.35,14.0,extreme_fear,,,
2015-08-31,124.59,14.0,extreme_fear,,,
2015-09-01,120.63,9.0,extreme_fear,,,
2015-09-02,122.08,13.0,extreme_fear,,,
2015-09-03,124.12,11.0,extreme_fear,,,
2015-09-04,121.83,10.0,extreme_fear,,,
2015-09-08,123.43,13.0,extreme_fear,,,
2015-09-09,123.72,13.0,extreme_fear,,,
2015-09-10,122.9,15.0,extreme_fear,,,
2015-09-11,122.34,14.0,extreme_fear,,,
2015-09-14,121.78,13.0,extreme_fear,,,
2015-09-15,123.02,16.0,extreme_fear,,,
2015-09-16,124.26,16.0,extreme_fear,,,
2015-09-17,123.95,16.0,extreme_fear,,,
2015-09-18,121.63,18.0,extreme_fear,,,
2015-09-21,123.51,23.0,extreme_fear,,,
2015-09-22,122.05,31.0,fear,,,
2015-09-23,121.63,31.0,fear,,,
2015-09-24,119.39,22.0,extreme_fear,,,
2015-09-25,121.17,18.0,extreme_fear,,,
2015-09-28,118.28,15.0,extreme_fear,,,
2015-09-29,117.42,13.0,extreme_fear,,,
2015-09-30,120.41,21.0,extreme_fear,,,
2015-10-01,120.43,18.0,extreme_fear,,,
2015-10-02,121.08,24.0,extreme_fear,,,
2015-10-05,124.1,31.0,fear,,,
2015-10-06,123.8,36.0,fear,,,
2015-10-07,125.03,37.0,fear,,,
2015-10-08,125.32,42.0,fear,,,
2015-10-09,125.22,43.0,fear,,,
2015-10-13,124.1,35.0,fear,,,
2015-10-14,122.8,35.0,fear,,,
2015-10-15,125.06,41.0,fear,,,
2015-10-16,125.74,45.0,fear,,,
2015-10-19,126.21,47.0,fear,,,
2015-10-20,125.68,51.0,greed,,,
2015-10-21,125.21,50.0,neutral,,,
2015-10-22,128.67,55.0,greed,,,
2015-10-23,131.49,59.0,greed,,,
2015-10-26,131.18,61.0,greed,,,
2015-10-27,130.47,69.0,greed,,,
2015-10-28,131.71,69.0,greed,,,
2015-10-29,132.39,71.0,greed,,,
2015-10-30,131.27,70.0,greed,,,
2015-11-02,132.13,73.0,greed,,,
2015-11-03,133.32,73.0,greed,,,
2015-11-04,134.17,72.0,greed,,,
2015-11-05,133.91,73.0,greed,,,
2015-11-06,134.94,71.0,greed,,,
2015-11-09,133.91,66.0,greed,,,
2015-11-10,134.47,66.0,greed,,,
2015-11-12,132.25,59.0,greed,,,
2015-11-13,131.16,50.0,neutral,,,
2015-11-16,132.41,48.0,fear,,,
2015-11-17,133.94,51.0,greed,,,
2015-11-18,135.24,51.0,greed,,,
2015-11-19,134.85,52.0,greed,,,
2015-11-20,135.91,53.0,greed,,,
2015-11-23,136.1,53.0,greed,,,
2015-11-24,135.68,56.0,greed,,,
2015-11-25,136.37,59.0,greed,,,
2015-11-27,136.71,58.0,greed,,,
2015-11-30,136.66,58.0,greed,,,
2015-12-01,137.34,55.0,greed,,,
2015-12-02,136.69,55.0,greed,,,
2015-12-03,131.76,55.0,greed,,,
2015-12-04,132.6,55.0,greed,,,
2015-12-07,132.44,38.0,fear,,,
2015-12-08,130.96,42.0,fear,,,
2015-12-09,129.38,35.0,fear,,,
2015-12-10,129.66,36.0,fear,,,
2015-12-11,126.95,25.0,extreme_fear,,,
2015-12-14,126.19,30.0,fear,,,
2015-12-15,128.56,35.0,fear,,,
2015-12-16,130.02,46.0,fear,,,
2015-12-17,130.27,37.0,fear,,,
2015-12-18,128.44,37.0,fear,,,
2015-12-21,128.01,35.0,fear,,,
2015-12-22,128.33,36.0,fear,,,
2015-12-23,131.02,43.0,fear,,,
2015-12-28,129.86,48.0,fear,,,
2015-12-29,131.85,48.0,fear,,,
2015-12-30,131.06,46.0,fear,,,
2015-12-31,130.6,46.0,fear,,,
2016-01-04,128.79,43.0,fear,,,
2016-01-05,129.77,35.0,fear,,,
2016-01-06,127.83,35.0,fear,,,
2016-01-07,124.18,27.0,fear,,,
2016-01-08,122.17,26.0,fear,,,
2016-01-11,122.46,17.0,extreme_fear,,,
2016-01-12,123.09,16.0,extreme_fear,,,
2016-01-13,121.47,18.0,extreme_fear,,,
2016-01-14,121.96,15.0,extreme_fear,,,
2016-01-15,118.53,10.0,extreme_fear,,,
2016-01-19,119.09,9.0,extreme_fear,,,
2016-01-20,116.85,11.0,extreme_fear,,,
2016-01-21,118.11,13.0,extreme_fear,,,
2016-01-22,121.16,14.0,extreme_fear,,,
2016-01-25,119.86,15.0,extreme_fear,,,
2016-01-26,120.83,16.0,extreme_fear,,,
2016-01-27,120.25,18.0,extreme_fear,,,
2016-01-28,119.63,18.0,extreme_fear,,,
2016-01-29,123.28,26.0,fear,,,
2016-02-01,122.82,26.0,fear,,,
2016-02-02,120.61,26.0,fear,,,
2016-02-03,119.17,24.0,extreme_fear,,,
2016-02-04,118.53,25.0,extreme_fear,,,
2016-02-05,116.9,17.0,extreme_fear,,,
2016-02-08,114.93,17.0,extreme_fear,,,
2016-02-09,112.55,15.0,extreme_fear,,,
2016-02-10,113.54,17.0,extreme_fear,,,
2016-02-11,110.73,18.0,extreme_fear,,,
2016-02-12,113.07,21.0,extreme_fear,,,
2016-02-16,116.64,29.0,fear,,,
2016-02-17,118.62,37.0,fear,,,
2016-02-18,118.96,43.0,fear,,,
2016-02-19,118.48,43.0,fear,,,
2016-02-22,120.86,50.0,neutral,,,
2016-02-23,119.57,50.0,neutral,,,
2016-02-24,119.14,53.0,greed,,,
2016-02-25,120.58,53.0,greed,,,
2016-02-26,121.79,52.0,greed,,,
2016-02-29,121.89,55.0,greed,,,
2016-03-01,124.19,61.0,greed,,,
2016-03-02,125.54,66.0,greed,,,
2016-03-03,125.17,69.0,greed,,,
2016-03-04,125.08,68.0,greed,,,
2016-03-07,125.3,71.0,greed,,,
2016-03-08,123.45,70.0,greed,,,
2016-03-09,124.33,71.0,greed,,,
2016-03-10,122.71,72.0,greed,,,
2016-03-11,124.81,75.0,greed,,,
2016-03-14,125.5,74.0,greed,,,
2016-03-15,124.81,75.0,greed,,,
2016-03-16,125.43,75.0,greed,,,
2016-03-17,124.42,78.0,extreme_greed,,,
2016-03-18,124.88,79.0,extreme_greed,,,
2016-03-21,125.1,76.0,extreme_greed,,,
2016-03-22,125.48,76.0,extreme_greed,,,
2016-03-23,125.13,70.0,greed,,,
2016-03-24,124.57,72.0,greed,,,
2016-03-29,125.47,67.0,greed,,,
2016-03-30,124.9,67.0,greed,,,
2016-03-31,124.09,71.0,greed,,,
2016-04-01,124.08,74.0,greed,,,
2016-04-04,123.75,73.0,greed,,,
2016-04-05,122.12,72.0,greed,,,
2016-04-06,123.28,72.0,greed,,,
2016-04-07,122.31,72.0,greed,,,
2016-04-08,122.83,68.0,greed,,,
2016-04-11,122.48,66.0,greed,,,
2016-04-12,124.11,66.0,greed,,,
2016-04-13,126.83,70.0,greed,,,
2016-04-14,127.52,70.0,greed,,,
2016-04-15,127.02,70.0,greed,,,
2016-04-18,127.04,72.0,greed,,,
2016-04-19,127.86,73.0,greed,,,
2016-04-20,128.51,75.0,greed,,,
2016-04-21,128.67,75.0,greed,,,
2016-04-22,128.91,74.0,greed,,,
2016-04-25,128.33,71.0,greed,,,
2016-04-26,128.14,71.0,greed,,,
2016-04-27,128.12,72.0,greed,,,
2016-04-28,127.45,70.0,greed,,,
2016-04-29,125.43,67.0,greed,,,
2016-05-02,125.17,69.0,greed,,,
2016-05-03,123.87,63.0,greed,,,
2016-05-04,123.07,63.0,greed,,,
2016-05-06,123.83,60.0,greed,,,
2016-05-09,124.08,60.0,greed,,,
2016-05-10,125.6,62.0,greed,,,
2016-05-11,124.54,62.0,greed,,,
2016-05-12,124.64,61.0,greed,,,
2016-05-13,124.77,59.0,greed,,,
2016-05-17,124.83,54.0,greed,,,
2016-05-18,125.46,56.0,greed,,,
2016-05-19,125.26,54.0,greed,,,
2016-05-20,126.13,55.0,greed,,,
2016-05-23,125.97,57.0,greed,,,
2016-05-24,127.88,63.0,greed,,,
2016-05-25,129.18,68.0,greed,,,
2016-05-26,129.0,74.0,greed,,,
2016-05-27,129.93,78.0,extreme_greed,,,
2016-05-31,129.81,77.0,extreme_greed,,,
2016-06-01,129.21,78.0,extreme_greed,,,
2016-06-02,129.45,79.0,extreme_greed,,,
2016-06-03,127.85,77.0,extreme_greed,,,
2016-06-06,128.07,79.0,extreme_greed,,,
2016-06-07,128.79,80.0,extreme_greed,,,
2016-06-08,128.75,80.0,extreme_greed,,,
2016-06-09,128.72,79.0,extreme_greed,,,
2016-06-10,127.26,63.0,greed,,,
2016-06-13,125.74,54.0,greed,,,
2016-06-14,125.58,54.0,greed,,,
2016-06-15,125.56,53.0,greed,,,
2016-06-16,126.14,50.0,neutral,,,
2016-06-17,125.57,53.0,greed,,,
2016-06-20,126.74,60.0,greed,,,
2016-06-21,127.83,61.0,greed,,,
2016-06-22,127.64,61.0,greed,,,
2016-06-24,124.97,44.0,fear,,,
2016-06-27,123.65,45.0,fear,,,
2016-06-28,124.99,48.0,fear,,,
2016-06-29,127.18,58.0,greed,,,
2016-06-30,128.59,62.0,greed,,,
2016-07-01,128.88,71.0,greed,,,
2016-07-05,128.02,69.0,greed,,,
2016-07-06,128.11,69.0,greed,,,
2016-07-07,128.38,69.0,greed,,,
2016-07-08,130.27,75.0,greed,,,
2016-07-11,131.23,80.0,extreme_greed,,,
2016-07-12,132.07,86.0,extreme_greed,,,
2016-07-13,131.96,86.0,extreme_greed,,,
2016-07-14,132.62,90.0,extreme_greed,,,
2016-07-15,132.81,88.0,extreme_greed,,,
2016-07-18,133.13,89.0,extreme_greed,,,
2016-07-19,133.39,89.0,extreme_greed,,,
2016-07-20,134.1,88.0,extreme_greed,,,
2016-07-21,134.08,87.0,extreme_greed,,,
2016-07-22,134.44,85.0,extreme_greed,,,
2016-07-25,134.26,85.0,extreme_greed,,,
2016-07-26,134.28,82.0,extreme_greed,,,
2016-07-27,134.25,84.0,extreme_greed,,,
2016-07-28,133.21,82.0,extreme_greed,,,
2016-07-29,133.14,80.0,extreme_greed,,,
2016-08-01,132.96,64.0,greed,,,
2016-08-02,131.47,78.0,extreme_greed,,,
2016-08-03,131.85,80.0,extreme_greed,,,
2016-08-04,132.62,81.0,extreme_greed,,,
2016-08-05,134.15,85.0,extreme_greed,,,
2016-08-08,134.35,80.0,extreme_greed,,,
2016-08-09,134.59,75.0,greed,,,
2016-08-10,133.92,78.0,extreme_greed,,,
2016-08-11,134.43,78.0,extreme_greed,,,
2016-08-12,134.47,75.0,greed,,,
2016-08-16,133.13,78.0,extreme_greed,,,
2016-08-17,133.04,77.0,extreme_greed,,,
2016-08-18,132.82,78.0,extreme_greed,,,
2016-08-19,132.5,76.0,extreme_greed,,,
2016-08-22,132.51,74.0,greed,,,
2016-08-23,133.06,75.0,greed,,,
2016-08-24,133.37,70.0,greed,,,
2016-08-25,132.68,65.0,greed,,,
2016-08-26,132.61,63.0,greed,,,
2016-08-29,133.92,64.0,greed,,,
2016-08-30,133.98,64.0,greed,,,
2016-08-31,133.83,62.0,greed,,,
2016-09-01,133.48,63.0,greed,,,
2016-09-02,134.71,63.0,greed,,,
2016-09-06,134.66,65.0,greed,,,
2016-09-07,134.76,64.0,greed,,,
2016-09-08,134.14,69.0,greed,,,
2016-09-09,132.1,47.0,fear,,,
2016-09-12,132.63,55.0,greed,,,
2016-09-13,130.77,36.0,fear,,,
2016-09-14,130.52,34.0,fear,,,
2016-09-15,131.54,39.0,fear,,,
2016-09-16,131.83,44.0,fear,,,
2016-09-19,132.12,45.0,fear,,,
2016-09-20,132.28,45.0,fear,,,
2016-09-21,134.08,54.0,greed,,,
2016-09-22,134.33,59.0,greed,,,
2016-09-23,133.76,53.0,greed,,,
2016-09-26,132.06,47.0,fear,,,
2016-09-27,133.29,45.0,fear,,,
2016-09-28,133.89,45.0,fear,,,
2016-09-29,132.95,44.0,fear,,,
2016-09-30,133.31,43.0,fear,,,
2016-10-03,133.34,45.0,fear,,,
2016-10-04,133.69,49.0,fear,,,
2016-10-05,133.46,49.0,fear,,,
2016-10-06,133.63,52.0,greed,,,
2016-10-07,133.06,55.0,greed,,,
2016-10-10,133.82,55.0,greed,,,
2016-10-11,133.53,47.0,fear,,,
2016-10-12,133.7,45.0,fear,,,
2016-10-13,133.02,34.0,fear,,,
2016-10-14,133.67,33.0,fear,,,
2016-10-17,133.36,33.0,fear,,,
2016-10-18,134.59,38.0,fear,,,
2016-10-19,135.11,41.0,fear,,,
2016-10-20,135.43,38.0,fear,,,
2016-10-21,135.87,44.0,fear,,,
2016-10-24,136.1,49.0,fear,,,
2016-10-25,136.0,49.0,fear,,,
2016-10-26,135.21,43.0,fear,,,
2016-10-27,134.81,46.0,fear,,,
2016-10-28,134.39,33.0,fear,,,
2016-10-31,133.97,26.0,fear,,,
2016-11-02,130.7,18.0,extreme_fear,,,
2016-11-03,130.51,14.0,extreme_fear,,,
2016-11-04,129.68,14.0,extreme_fear,,,
2016-11-07,132.72,34.0,fear,,,
2016-11-08,133.07,30.0,fear,,,
2016-11-09,134.63,42.0,fear,,,
2016-11-10,135.98,38.0,fear,,,
2016-11-11,135.92,48.0,fear,,,
2016-11-14,137.24,57.0,greed,,,
2016-11-15,137.94,63.0,greed,,,
2016-11-16,138.38,60.0,greed,,,
2016-11-17,139.08,63.0,greed,,,
2016-11-18,139.6,61.0,greed,,,
2016-11-21,140.04,68.0,greed,,,
2016-11-22,140.68,67.0,greed,,,
2016-11-23,141.18,70.0,greed,,,
2016-11-25,141.09,71.0,greed,,,
2016-11-28,140.75,72.0,greed,,,
2016-11-29,140.53,72.0,greed,,,
2016-11-30,140.41,73.0,greed,,,
2016-12-01,140.1,71.0,greed,,,
2016-12-02,139.48,71.0,greed,,,
2016-12-05,139.39,75.0,greed,,,
2016-12-06,140.07,79.0,extreme_greed,,,
2016-12-07,141.41,83.0,extreme_greed,,,
2016-12-08,143.76,83.0,extreme_greed,,,
2016-12-09,145.36,86.0,extreme_greed,,,
2016-12-12,144.39,87.0,extreme_greed,,,
2016-12-13,145.08,86.0,extreme_greed,,,
2016-12-14,144.09,86.0,extreme_greed,,,
2016-12-15,146.63,86.0,extreme_greed,,,
2016-12-16,146.73,84.0,extreme_greed,,,
2016-12-19,146.68,79.0,extreme_greed,,,
2016-12-20,147.74,75.0,greed,,,
2016-12-21,146.85,75.0,greed,,,
2016-12-22,146.34,71.0,greed,,,
2016-12-23,146.39,66.0,greed,,,
2016-12-27,146.55,70.0,greed,,,
2016-12-28,146.63,66.0,greed,,,
2016-12-29,145.52,65.0,greed,,,
2016-12-30,144.58,58.0,greed,,,
2017-01-03,147.42,70.0,greed,,,
2017-01-04,147.56,70.0,greed,,,
2017-01-05,146.44,70.0,greed,,,
2017-01-06,146.82,68.0,greed,,,
2017-01-09,146.61,62.0,greed,,,
2017-01-10,146.32,62.0,greed,,,
2017-01-11,147.93,61.0,greed,,,
2017-01-12,145.79,55.0,greed,,,
2017-01-13,146.57,58.0,greed,,,
2017-01-17,145.19,58.0,greed,,,
2017-01-18,145.42,55.0,greed,,,
2017-01-19,145.75,53.0,greed,,,
2017-01-20,145.39,53.0,greed,,,
2017-01-23,144.37,55.0,greed,,,
2017-01-24,145.0,59.0,greed,,,
2017-01-25,146.4,55.0,greed,,,
2017-01-26,147.24,58.0,greed,,,
2017-01-27,146.71,60.0,greed,,,
2017-01-30,146.0,55.0,greed,,,
2017-01-31,144.45,54.0,greed,,,
2017-02-01,145.19,55.0,greed,,,
2017-02-02,144.71,51.0,greed,,,
2017-02-03,145.79,60.0,greed,,,
2017-02-06,145.87,57.0,greed,,,
2017-02-07,146.52,57.0,greed,,,
2017-02-08,146.66,61.0,greed,,,
2017-02-09,147.7,66.0,greed,,,
2017-02-10,148.85,70.0,greed,,,
2017-02-13,149.84,72.0,greed,,,
2017-02-14,150.47,78.0,extreme_greed,,,
2017-02-15,151.17,80.0,extreme_greed,,,
2017-02-16,150.07,79.0,extreme_greed,,,
2017-02-17,150.65,78.0,extreme_greed,,,
2017-02-21,152.53,83.0,extreme_greed,,,
2017-02-22,152.39,80.0,extreme_greed,,,
2017-02-23,151.97,75.0,greed,,,
2017-02-24,151.95,68.0,greed,,,
2017-02-27,151.4,71.0,greed,,,
2017-02-28,150.98,64.0,greed,,,
2017-03-01,153.47,81.0,extreme_greed,,,
2017-03-02,153.28,78.0,extreme_greed,,,
2017-03-03,152.78,77.0,extreme_greed,,,
2017-03-06,152.0,69.0,greed,,,
2017-03-07,151.83,65.0,greed,,,
2017-03-08,151.73,65.0,greed,,,
2017-03-09,151.47,62.0,greed,,,
2017-03-10,151.22,65.0,greed,,,
2017-03-13,151.4,64.0,greed,,,
2017-03-14,151.17,58.0,greed,,,
2017-03-15,152.29,50.0,neutral,,,
2017-03-16,151.65,51.0,greed,,,
2017-03-17,151.5,45.0,fear,,,
2017-03-20,151.13,43.0,fear,,,
2017-03-21,149.19,37.0,fear,,,
2017-03-22,148.99,32.0,fear,,,
2017-03-23,149.39,31.0,fear,,,
2017-03-24,149.2,31.0,fear,,,
2017-03-27,148.06,27.0,fear,,,
2017-03-28,149.38,39.0,fear,,,
2017-03-29,150.95,39.0,fear,,,
2017-03-30,151.45,43.0,fear,,,
2017-03-31,151.52,47.0,fear,,,
2017-04-03,151.73,45.0,fear,,,
2017-04-04,151.69,43.0,fear,,,
2017-04-05,151.36,43.0,fear,,,
2017-04-06,151.54,43.0,fear,,,
2017-04-07,152.02,40.0,fear,,,
2017-04-10,152.41,32.0,fear,,,
2017-04-11,152.09,31.0,fear,,,
2017-04-12,151.8,28.0,fear,,,
2017-04-13,150.91,25.0,extreme_fear,,,
2017-04-18,150.23,32.0,fear,,,
2017-04-19,149.83,30.0,fear,,,
2017-04-20,150.07,34.0,fear,,,
2017-04-21,150.79,37.0,fear,,,
2017-04-24,150.78,39.0,fear,,,
2017-04-25,150.76,46.0,fear,,,
2017-04-26,151.48,48.0,fear,,,
2017-04-27,151.54,50.0,neutral,,,
2017-04-28,151.01,49.0,fear,,,
2017-05-02,151.5,47.0,fear,,,
2017-05-03,151.19,47.0,fear,,,
2017-05-04,150.97,45.0,fear,,,
2017-05-05,151.23,47.0,fear,,,
2017-05-08,152.07,55.0,greed,,,
2017-05-09,152.33,61.0,greed,,,
2017-05-10,152.86,61.0,greed,,,
2017-05-11,152.56,63.0,greed,,,
2017-05-12,151.95,62.0,greed,,,
2017-05-15,151.91,54.0,greed,,,
2017-05-16,150.89,66.0,greed,,,
2017-05-17,148.2,45.0,fear,,,
2017-05-18,148.37,47.0,fear,,,
2017-05-19,148.56,49.0,fear,,,
2017-05-22,148.66,52.0,greed,,,
2017-05-23,149.06,49.0,fear,,,
2017-05-24,149.77,54.0,greed,,,
2017-05-25,149.92,57.0,greed,,,
2017-05-26,150.13,58.0,greed,,,
2017-05-30,150.07,52.0,greed,,,
2017-05-31,149.33,50.0,neutral,,,
2017-06-01,150.5,58.0,greed,,,
2017-06-02,150.8,57.0,greed,,,
2017-06-05,150.84,58.0,greed,,,
2017-06-06,150.23,55.0,greed,,,
2017-06-07,150.36,55.0,greed,,,
2017-06-08,150.7,55.0,greed,,,
2017-06-09,151.1,54.0,greed,,,
2017-06-12,150.56,53.0,greed,,,
2017-06-13,151.3,55.0,greed,,,
2017-06-14,150.48,52.0,greed,,,
2017-06-15,151.12,52.0,greed,,,
2017-06-16,150.99,50.0,neutral,,,
2017-06-19,152.45,57.0,greed,,,
2017-06-20,151.92,50.0,neutral,,,
2017-06-21,151.5,47.0,fear,,,
2017-06-22,151.44,50.0,neutral,,,
2017-06-23,151.14,52.0,greed,,,
2017-06-26,151.31,53.0,greed,,,
2017-06-27,149.41,48.0,fear,,,
2017-06-28,149.54,60.0,greed,,,
2017-06-29,147.8,47.0,fear,,,
2017-06-30,147.82,49.0,fear,,,
2017-07-05,149.14,57.0,greed,,,
2017-07-06,147.29,44.0,fear,,,
2017-07-07,147.8,49.0,fear,,,
2017-07-10,148.13,46.0,fear,,,
2017-07-11,147.62,44.0,fear,,,
2017-07-12,148.95,47.0,fear,,,
2017-07-13,149.46,54.0,greed,,,
2017-07-14,149.75,64.0,greed,,,
2017-07-17,149.49,67.0,greed,,,
2017-07-18,148.14,74.0,greed,,,
2017-07-19,149.62,69.0,greed,,,
2017-07-20,148.5,73.0,greed,,,
2017-07-21,147.85,73.0,greed,,,
2017-07-24,147.73,73.0,greed,,,
2017-07-25,147.93,70.0,greed,,,
2017-07-26,148.44,75.0,greed,,,
2017-07-27,148.12,73.0,greed,,,
2017-07-28,146.86,69.0,greed,,,
2017-07-31,146.38,66.0,greed,,,
2017-08-01,146.83,66.0,greed,,,
2017-08-02,146.26,61.0,greed,,,
2017-08-03,145.91,59.0,greed,,,
2017-08-04,147.44,64.0,greed,,,
2017-08-07,147.18,58.0,greed,,,
2017-08-08,147.54,52.0,greed,,,
2017-08-09,147.09,41.0,fear,,,
2017-08-10,145.44,31.0,fear,,,
2017-08-11,144.74,25.0,extreme_fear,,,
2017-08-14,145.95,36.0,fear,,,
2017-08-15,146.52,27.0,fear,,,
2017-08-16,147.09,32.0,fear,,,
2017-08-17,145.29,17.0,extreme_fear,,,
2017-08-18,144.75,17.0,extreme_fear,,,
2017-08-21,144.07,15.0,extreme_fear,,,
2017-08-22,145.69,23.0,extreme_fear,,,
2017-08-23,144.86,19.0,extreme_fear,,,
2017-08-24,144.8,22.0,extreme_fear,,,
2017-08-25,144.35,29.0,fear,,,
2017-08-28,143.47,35.0,fear,,,
2017-08-29,142.55,29.0,fear,,,
2017-08-30,144.08,34.0,fear,,,
2017-08-31,145.31,43.0,fear,,,
2017-09-01,145.9,49.0,fear,,,
2017-09-05,144.55,62.0,greed,,,
2017-09-06,144.7,41.0,fear,,,
2017-09-07,144.28,38.0,fear,,,
2017-09-08,144.13,38.0,fear,,,
2017-09-11,145.85,59.0,greed,,,
2017-09-12,146.69,59.0,greed,,,
2017-09-13,147.04,67.0,greed,,,
2017-09-14,147.35,68.0,greed,,,
2017-09-15,146.55,77.0,extreme_greed,,,
2017-09-18,146.88,80.0,extreme_greed,,,
2017-09-19,146.99,81.0,extreme_greed,,,
2017-09-20,146.97,79.0,extreme_greed,,,
2017-09-21,147.25,73.0,greed,,,
2017-09-22,147.0,70.0,greed,,,
2017-09-25,147.84,72.0,greed,,,
2017-09-26,148.68,67.0,greed,,,
2017-09-27,149.57,73.0,greed,,,
2017-09-28,149.25,79.0,extreme_greed,,,
2017-09-29,149.4,84.0,extreme_greed,,,
2017-10-02,150.79,91.0,extreme_greed,,,
2017-10-03,150.94,92.0,extreme_greed,,,
2017-10-04,150.96,91.0,extreme_greed,,,
2017-10-05,151.97,94.0,extreme_greed,,,
2017-10-06,151.58,92.0,extreme_greed,,,
2017-10-09,151.45,84.0,extreme_greed,,,
2017-10-10,151.07,85.0,extreme_greed,,,
2017-10-11,150.95,83.0,extreme_greed,,,
2017-10-12,150.86,79.0,extreme_greed,,,
2017-10-13,151.32,74.0,greed,,,
2017-10-16,151.94,78.0,extreme_greed,,,
2017-10-17,152.34,78.0,extreme_greed,,,
2017-10-18,152.27,82.0,extreme_greed,,,
2017-10-19,151.5,83.0,extreme_greed,,,
2017-10-20,152.53,89.0,extreme_greed,,,
2017-10-23,152.65,80.0,extreme_greed,,,
2017-10-24,152.55,75.0,greed,,,
2017-10-25,151.32,75.0,greed,,,
2017-10-26,152.89,71.0,greed,,,
2017-10-27,155.18,74.0,greed,,,
2017-10-30,154.58,65.0,greed,,,
2017-10-31,154.46,69.0,greed,,,
2017-11-01,155.24,69.0,greed,,,
2017-11-02,154.63,66.0,greed,,,
2017-11-03,155.55,66.0,greed,,,
2017-11-06,156.09,58.0,greed,,,
2017-11-07,156.2,61.0,greed,,,
2017-11-08,156.38,54.0,greed,,,
2017-11-09,155.25,54.0,greed,,,
2017-11-10,154.62,59.0,greed,,,
2017-11-13,154.27,49.0,fear,,,
2017-11-14,152.83,49.0,fear,,,
2017-11-15,151.43,36.0,fear,,,
2017-11-16,152.95,50.0,neutral,,,
2017-11-17,152.63,44.0,fear,,,
2017-11-20,153.26,51.0,greed,,,
2017-11-21,154.43,54.0,greed,,,
2017-11-22,153.86,54.0,greed,,,
2017-11-27,152.59,51.0,greed,,,
2017-11-28,154.06,60.0,greed,,,
2017-11-29,154.27,67.0,greed,,,
2017-11-30,154.17,73.0,greed,,,
2017-12-01,154.32,70.0,greed,,,
2017-12-04,154.59,64.0,greed,,,
2017-12-05,154.37,60.0,greed,,,
2017-12-06,154.52,62.0,greed,,,
2017-12-07,154.93,60.0,greed,,,
2017-12-08,156.18,62.0,greed,,,
2017-12-11,156.18,62.0,greed,,,
2017-12-12,157.23,67.0,greed,,,
2017-12-13,156.92,67.0,greed,,,
2017-12-14,156.19,69.0,greed,,,
2017-12-15,156.92,68.0,greed,,,
2017-12-18,157.69,74.0,greed,,,
2017-12-19,157.14,72.0,greed,,,
2017-12-20,156.12,72.0,greed,,,
2017-12-21,156.82,68.0,greed,,,
2017-12-22,157.08,66.0,greed,,,
2017-12-27,156.58,61.0,greed,,,
2017-12-28,156.3,58.0,greed,,,
2017-12-29,155.14,53.0,greed,,,
2018-01-02,155.58,67.0,greed,,,
2018-01-03,156.58,67.0,greed,,,
2018-01-04,157.27,72.0,greed,,,
2018-01-05,158.68,75.0,greed,,,
2018-01-08,159.57,75.0,greed,,,
2018-01-09,160.49,75.0,greed,,,
2018-01-10,159.83,75.0,greed,,,
2018-01-11,159.8,77.0,extreme_greed,,,
2018-01-12,159.35,79.0,extreme_greed,,,
2018-01-16,158.6,75.0,greed,,,
2018-01-17,159.17,75.0,greed,,,
2018-01-18,159.0,72.0,greed,,,
2018-01-19,159.97,80.0,extreme_greed,,,
2018-01-22,160.61,78.0,extreme_greed,,,
2018-01-23,160.71,78.0,extreme_greed,,,
2018-01-24,159.69,78.0,extreme_greed,,,
2018-01-25,158.27,77.0,extreme_greed,,,
2018-01-26,160.19,79.0,extreme_greed,,,
2018-01-29,160.12,62.0,greed,,,
2018-01-30,157.98,61.0,greed,,,
2018-01-31,157.35,61.0,greed,,,
2018-02-01,157.15,58.0,greed,,,
2018-02-02,154.65,17.0,extreme_fear,,,
2018-02-05,150.01,18.0,extreme_fear,,,
2018-02-06,150.61,18.0,extreme_fear,,,
2018-02-07,151.38,16.0,extreme_fear,,,
2018-02-08,147.79,10.0,extreme_fear,,,
2018-02-09,148.31,10.0,extreme_fear,,,
2018-02-12,149.81,13.0,extreme_fear,,,
2018-02-13,149.18,10.0,extreme_fear,,,
2018-02-14,150.38,15.0,extreme_fear,,,
2018-02-15,151.33,18.0,extreme_fear,,,
2018-02-16,152.22,18.0,extreme_fear,,,
2018-02-20,152.72,17.0,extreme_fear,,,
2018-02-21,152.42,15.0,extreme_fear,,,
2018-02-22,152.37,18.0,extreme_fear,,,
2018-02-23,154.37,18.0,extreme_fear,,,
2018-02-26,155.85,20.0,extreme_fear,,,
2018-02-27,155.09,17.0,extreme_fear,,,
2018-02-28,153.97,15.0,extreme_fear,,,
2018-03-01,152.18,8.0,extreme_fear,,,
2018-03-02,150.54,10.0,extreme_fear,,,
2018-03-05,151.55,14.0,extreme_fear,,,
2018-03-06,151.49,26.0,fear,,,
2018-03-07,151.34,23.0,extreme_fear,,,
2018-03-08,152.94,25.0,extreme_fear,,,
2018-03-09,154.81,44.0,fear,,,
2018-03-12,155.19,40.0,fear,,,
2018-03-13,153.52,36.0,fear,,,
2018-03-14,153.28,29.0,fear,,,
2018-03-15,153.7,21.0,extreme_fear,,,
2018-03-16,154.27,19.0,extreme_fear,,,
2018-03-19,151.94,14.0,extreme_fear,,,
2018-03-20,152.69,16.0,extreme_fear,,,
2018-03-21,152.63,16.0,extreme_fear,,,
2018-03-22,149.52,11.0,extreme_fear,,,
2018-03-23,146.25,7.0,extreme_fear,,,
2018-03-26,147.61,8.0,extreme_fear,,,
2018-03-27,147.22,6.0,extreme_fear,,,
2018-03-28,147.31,7.0,extreme_fear,,,
2018-03-29,149.24,8.0,extreme_fear,,,
2018-04-03,148.32,9.0,extreme_fear,,,
2018-04-04,148.94,11.0,extreme_fear,,,
2018-04-05,151.21,13.0,extreme_fear,,,
2018-04-06,148.81,9.0,extreme_fear,,,
2018-04-09,148.84,12.0,extreme_fear,,,
2018-04-10,150.47,14.0,extreme_fear,,,
2018-04-11,149.5,18.0,extreme_fear,,,
2018-04-12,150.93,22.0,extreme_fear,,,
2018-04-13,150.68,23.0,extreme_fear,,,
2018-04-16,151.02,25.0,extreme_fear,,,
2018-04-17,152.48,28.0,fear,,,
2018-04-18,152.6,32.0,fear,,,
2018-04-19,152.2,32.0,fear,,,
2018-04-20,152.11,38.0,fear,,,
2018-04-23,152.66,40.0,fear,,,
2018-04-24,151.62,32.0,fear,,,
2018-04-25,151.83,38.0,fear,,,
2018-04-26,153.76,42.0,fear,,,
2018-04-27,154.21,40.0,fear,,,
2018-04-30,153.76,42.0,fear,,,
2018-05-02,154.68,39.0,fear,,,
2018-05-03,154.38,32.0,fear,,,
2018-05-04,156.04,40.0,fear,,,
2018-05-07,156.82,41.0,fear,,,
2018-05-08,157.46,49.0,fear,,,
2018-05-09,158.59,49.0,fear,,,
2018-05-10,159.38,53.0,greed,,,
2018-05-11,159.2,54.0,greed,,,
2018-05-14,159.2,54.0,greed,,,
2018-05-15,159.43,55.0,greed,,,
2018-05-16,160.71,53.0,greed,,,
2018-05-17,160.86,53.0,greed,,,
2018-05-18,160.83,52.0,greed,,,
2018-05-21,161.87,56.0,greed,,,
2018-05-22,161.44,59.0,greed,,,
2018-05-23,161.93,54.0,greed,,,
2018-05-24,161.27,48.0,fear,,,
2018-05-25,161.7,44.0,fear,,,
2018-05-29,160.87,34.0,fear,,,
2018-05-30,161.56,42.0,fear,,,
2018-05-31,160.18,43.0,fear,,,
2018-06-01,161.6,52.0,greed,,,
2018-06-04,162.11,55.0,greed,,,
2018-06-05,162.3,58.0,greed,,,
2018-06-06,162.09,65.0,greed,,,
2018-06-07,161.59,62.0,greed,,,
2018-06-08,162.42,63.0,greed,,,
2018-06-11,162.38,64.0,greed,,,
2018-06-12,162.76,65.0,greed,,,
2018-06-13,162.55,64.0,greed,,,
2018-06-14,164.42,63.0,greed,,,
2018-06-15,164.3,61.0,greed,,,
2018-06-18,163.7,61.0,greed,,,
2018-06-19,163.29,53.0,greed,,,
2018-06-20,163.57,57.0,greed,,,
2018-06-21,162.27,52.0,greed,,,
2018-06-22,162.53,52.0,greed,,,
2018-06-25,159.62,42.0,fear,,,
2018-06-26,160.11,47.0,fear,,,
2018-06-27,160.16,36.0,fear,,,
2018-06-28,160.67,39.0,fear,,,
2018-06-29,160.08,34.0,fear,,,
2018-07-02,160.47,35.0,fear,,,
2018-07-05,160.26,33.0,fear,,,
2018-07-06,160.87,40.0,fear,,,
2018-07-09,162.18,47.0,fear,,,
2018-07-10,163.08,45.0,fear,,,
2018-07-11,161.65,41.0,fear,,,
2018-07-12,163.18,49.0,fear,,,
2018-07-13,163.71,47.0,fear,,,
2018-07-16,163.01,45.0,fear,,,
2018-07-17,163.76,49.0,fear,,,
2018-07-18,164.63,56.0,greed,,,
2018-07-19,164.5,50.0,neutral,,,
2018-07-20,163.5,53.0,greed,,,
2018-07-23,163.57,58.0,greed,,,
2018-07-24,164.45,64.0,greed,,,
2018-07-25,165.74,70.0,greed,,,
2018-07-26,165.97,72.0,greed,,,
2018-07-27,165.63,67.0,greed,,,
2018-07-30,164.21,64.0,greed,,,
2018-07-31,164.74,66.0,greed,,,
2018-08-01,164.84,66.0,greed,,,
2018-08-02,165.59,68.0,greed,,,
2018-08-03,166.53,71.0,greed,,,
2018-08-06,167.15,72.0,greed,,,
2018-08-07,167.4,73.0,greed,,,
2018-08-08,167.19,74.0,greed,,,
2018-08-09,167.52,70.0,greed,,,
2018-08-10,167.71,56.0,greed,,,
2018-08-13,166.97,56.0,greed,,,
2018-08-14,168.39,58.0,greed,,,
2018-08-15,167.59,46.0,fear,,,
2018-08-16,167.68,51.0,greed,,,
2018-08-17,167.98,54.0,greed,,,
2018-08-20,168.2,61.0,greed,,,
2018-08-21,167.45,61.0,greed,,,
2018-08-22,166.64,61.0,greed,,,
2018-08-23,166.46,59.0,greed,,,
2018-08-24,166.66,68.0,greed,,,
2018-08-27,167.46,77.0,extreme_greed,,,
2018-08-28,167.05,78.0,extreme_greed,,,
2018-08-29,167.98,78.0,extreme_greed,,,
2018-08-30,167.8,73.0,greed,,,
2018-08-31,167.65,71.0,greed,,,
2018-09-04,167.92,67.0,greed,,,
2018-09-05,166.04,62.0,greed,,,
2018-09-06,165.3,53.0,greed,,,
2018-09-07,165.48,52.0,greed,,,
2018-09-10,165.58,56.0,greed,,,
2018-09-11,166.24,59.0,greed,,,
2018-09-12,166.07,59.0,greed,,,
2018-09-13,166.15,72.0,greed,,,
2018-09-14,166.57,73.0,greed,,,
2018-09-17,165.77,67.0,greed,,,
2018-09-18,166.52,73.0,greed,,,
2018-09-19,167.39,71.0,greed,,,
2018-09-20,167.62,74.0,greed,,,
2018-09-21,167.81,75.0,greed,,,
2018-09-24,166.87,70.0,greed,,,
2018-09-25,167.02,64.0,greed,,,
2018-09-26,167.25,53.0,greed,,,
2018-09-27,168.24,48.0,fear,,,
2018-09-28,168.77,47.0,fear,,,
2018-10-01,169.53,49.0,fear,,,
2018-10-02,169.61,45.0,fear,,,
2018-10-03,169.85,51.0,greed,,,
2018-10-04,168.71,43.0,fear,,,
2018-10-05,167.76,33.0,fear,,,
2018-10-08,167.7,28.0,fear,,,
2018-10-09,167.35,23.0,extreme_fear,,,
2018-10-10,162.61,8.0,extreme_fear,,,
2018-10-11,158.82,5.0,extreme_fear,,,
2018-10-12,160.24,11.0,extreme_fear,,,
2018-10-15,159.23,11.0,extreme_fear,,,
2018-10-16,162.11,13.0,extreme_fear,,,
2018-10-17,162.7,14.0,extreme_fear,,,
2018-10-18,161.31,12.0,extreme_fear,,,
2018-10-19,161.05,14.0,extreme_fear,,,
2018-10-22,160.71,16.0,extreme_fear,,,
2018-10-23,159.33,12.0,extreme_fear,,,
2018-10-24,156.66,6.0,extreme_fear,,,
2018-10-25,158.29,9.0,extreme_fear,,,
2018-10-26,156.47,7.0,extreme_fear,,,
2018-10-29,155.76,7.0,extreme_fear,,,
2018-10-30,157.83,7.0,extreme_fear,,,
2018-10-31,160.25,7.0,extreme_fear,,,
2018-11-01,160.82,6.0,extreme_fear,,,
2018-11-02,160.76,8.0,extreme_fear,,,
2018-11-05,160.76,9.0,extreme_fear,,,
2018-11-06,161.32,12.0,extreme_fear,,,
2018-11-07,163.21,25.0,extreme_fear,,,
2018-11-08,163.74,29.0,fear,,,
2018-11-09,163.27,18.0,extreme_fear,,,
2018-11-12,162.02,11.0,extreme_fear,,,
2018-11-13,161.45,10.0,extreme_fear,,,
2018-11-14,160.15,7.0,extreme_fear,,,
2018-11-15,160.94,10.0,extreme_fear,,,
2018-11-16,160.31,10.0,extreme_fear,,,
2018-11-19,157.75,8.0,extreme_fear,,,
2018-11-20,155.76,7.0,extreme_fear,,,
2018-11-21,156.62,13.0,extreme_fear,,,
2018-11-26,158.55,17.0,extreme_fear,,,
2018-11-27,159.33,19.0,extreme_fear,,,
2018-11-28,161.9,21.0,extreme_fear,,,
2018-11-29,160.75,23.0,extreme_fear,,,
2018-11-30,162.22,22.0,extreme_fear,,,
2018-12-03,163.87,20.0,extreme_fear,,,
2018-12-04,159.85,20.0,extreme_fear,,,
2018-12-06,157.38,15.0,extreme_fear,,,
2018-12-07,155.26,11.0,extreme_fear,,,
2018-12-10,154.43,9.0,extreme_fear,,,
2018-12-11,155.28,8.0,extreme_fear,,,
2018-12-12,156.39,10.0,extreme_fear,,,
2018-12-13,156.54,11.0,extreme_fear,,,
2018-12-14,154.7,8.0,extreme_fear,,,
2018-12-17,151.93,10.0,extreme_fear,,,
2018-12-18,151.09,8.0,extreme_fear,,,
2018-12-19,149.11,8.0,extreme_fear,,,
2018-12-20,146.83,5.0,extreme_fear,,,
2018-12-21,144.76,3.0,extreme_fear,,,
2018-12-27,146.97,8.0,extreme_fear,,,
2018-12-28,147.22,12.0,extreme_fear,,,
2019-01-02,149.07,12.0,extreme_fear,,,
2019-01-03,146.37,10.0,extreme_fear,,,
2019-01-04,150.16,16.0,extreme_fear,,,
2019-01-07,150.71,19.0,extreme_fear,,,
2019-01-08,152.28,22.0,extreme_fear,,,
2019-01-09,152.56,27.0,fear,,,
2019-01-10,152.95,31.0,fear,,,
2019-01-11,153.49,30.0,fear,,,
2019-01-14,152.93,28.0,fear,,,
2019-01-15,154.63,31.0,fear,,,
2019-01-16,155.36,36.0,fear,,,
2019-01-17,156.29,44.0,fear,,,
2019-01-18,158.47,51.0,greed,,,
2019-01-22,156.87,51.0,greed,,,
2019-01-23,156.65,55.0,greed,,,
2019-01-24,157.26,58.0,greed,,,
2019-01-25,158.12,58.0,greed,,,
2019-01-28,156.6,55.0,greed,,,
2019-01-29,156.89,55.0,greed,,,
2019-01-30,158.47,58.0,greed,,,
2019-01-31,159.22,58.0,greed,,,
2019-02-01,159.4,61.0,greed,,,
2019-02-04,160.59,62.0,greed,,,
2019-02-05,161.94,64.0,greed,,,
2019-02-06,162.05,63.0,greed,,,
2019-02-07,160.77,63.0,greed,,,
2019-02-08,160.7,63.0,greed,,,
2019-02-11,161.53,62.0,greed,,,
2019-02-12,163.09,67.0,greed,,,
2019-02-13,163.87,65.0,greed,,,
2019-02-14,163.7,67.0,greed,,,
2019-02-15,165.39,67.0,greed,,,
2019-02-19,165.09,69.0,greed,,,
2019-02-20,165.49,70.0,greed,,,
2019-02-21,165.05,70.0,greed,,,
2019-02-22,165.94,69.0,greed,,,
2019-02-25,166.23,70.0,greed,,,
2019-02-26,166.06,70.0,greed,,,
2019-02-27,165.77,72.0,greed,,,
2019-02-28,165.25,72.0,greed,,,
2019-03-01,166.1,71.0,greed,,,
2019-03-04,166.6,65.0,greed,,,
2019-03-05,166.6,63.0,greed,,,
2019-03-06,165.72,61.0,greed,,,
2019-03-07,165.68,58.0,greed,,,
2019-03-08,164.82,55.0,greed,,,
2019-03-11,166.86,59.0,greed,,,
2019-03-12,166.83,59.0,greed,,,
2019-03-13,167.31,60.0,greed,,,
2019-03-14,167.47,60.0,greed,,,
2019-03-15,168.15,65.0,greed,,,
2019-03-18,168.73,67.0,greed,,,
2019-03-19,168.84,67.0,greed,,,
2019-03-20,168.1,64.0,greed,,,
2019-03-21,169.27,64.0,greed,,,
2019-03-22,167.78,59.0,greed,,,
2019-03-25,166.58,55.0,greed,,,
2019-03-26,168.46,51.0,greed,,,
2019-03-27,168.34,52.0,greed,,,
2019-03-28,168.71,48.0,fear,,,
2019-03-29,169.84,49.0,fear,,,
2019-04-01,171.91,56.0,greed,,,
2019-04-02,172.38,56.0,greed,,,
2019-04-03,172.71,64.0,greed,,,
2019-04-04,172.93,70.0,greed,,,
2019-04-05,173.43,74.0,greed,,,
2019-04-08,173.07,72.0,greed,,,
2019-04-09,172.15,70.0,greed,,,
2019-04-10,172.9,72.0,greed,,,
2019-04-11,172.53,68.0,greed,,,
2019-04-12,172.87,72.0,greed,,,
2019-04-15,173.1,70.0,greed,,,
2019-04-16,173.4,69.0,greed,,,
2019-04-17,173.22,71.0,greed,,,
2019-04-18,174.08,70.0,greed,,,
2019-04-23,175.78,73.0,greed,,,
2019-04-24,175.4,70.0,greed,,,
2019-04-25,176.07,71.0,greed,,,
2019-04-26,176.47,72.0,greed,,,
2019-04-29,176.58,69.0,greed,,,
2019-04-30,176.19,65.0,greed,,,
2019-05-02,175.17,59.0,greed,,,
2019-05-03,176.48,58.0,greed,,,
2019-05-06,175.49,40.0,fear,,,
2019-05-07,173.09,42.0,fear,,,
2019-05-08,172.58,42.0,fear,,,
2019-05-09,171.2,40.0,fear,,,
2019-05-10,171.58,41.0,fear,,,
2019-05-13,168.38,35.0,fear,,,
2019-05-14,169.88,35.0,fear,,,
2019-05-15,170.94,35.0,fear,,,
2019-05-16,172.7,37.0,fear,,,
2019-05-17,172.24,36.0,fear,,,
2019-05-20,171.21,33.0,fear,,,
2019-05-21,172.05,34.0,fear,,,
2019-05-22,172.01,32.0,fear,,,
2019-05-23,170.13,28.0,fear,,,
2019-05-24,169.94,27.0,fear,,,
2019-05-28,169.55,23.0,extreme_fear,,,
2019-05-29,168.44,25.0,extreme_fear,,,
2019-05-30,168.84,24.0,extreme_fear,,,
2019-05-31,166.95,24.0,extreme_fear,,,
2019-06-03,165.99,25.0,extreme_fear,,,
2019-06-04,168.17,28.0,fear,,,
2019-06-05,169.21,29.0,fear,,,
2019-06-06,169.61,29.0,fear,,,
2019-06-07,170.64,32.0,fear,,,
2019-06-11,172.04,36.0,fear,,,
2019-06-12,171.52,34.0,fear,,,
2019-06-13,172.47,39.0,fear,,,
2019-06-14,172.71,38.0,fear,,,
2019-06-17,172.67,40.0,fear,,,
2019-06-18,174.93,44.0,fear,,,
2019-06-19,175.33,42.0,fear,,,
2019-06-20,175.92,45.0,fear,,,
2019-06-21,175.04,52.0,greed,,,
2019-06-24,173.99,50.0,neutral,,,
2019-06-25,172.94,44.0,fear,,,
2019-06-26,172.62,48.0,fear,,,
2019-06-27,173.43,47.0,fear,,,
2019-06-28,174.08,50.0,neutral,,,
2019-07-01,176.18,55.0,greed,,,
2019-07-02,177.14,62.0,greed,,,
2019-07-05,178.87,61.0,greed,,,
2019-07-08,178.1,59.0,greed,,,
2019-07-09,178.17,56.0,greed,,,
2019-07-10,178.07,58.0,greed,,,
2019-07-11,178.38,62.0,greed,,,
2019-07-12,178.99,64.0,greed,,,
2019-07-15,178.98,57.0,greed,,,
2019-07-16,179.1,55.0,greed,,,
2019-07-17,178.24,47.0,fear,,,
2019-07-18,178.39,47.0,fear,,,
2019-07-19,178.03,44.0,fear,,,
2019-07-22,178.28,44.0,fear,,,
2019-07-23,180.43,50.0,neutral,,,
2019-07-24,181.2,57.0,greed,,,
2019-07-25,180.06,55.0,greed,,,
2019-07-26,181.3,60.0,greed,,,
2019-07-29,180.95,58.0,greed,,,
2019-07-30,180.1,53.0,greed,,,
2019-07-31,178.9,48.0,fear,,,
2019-08-01,178.94,43.0,fear,,,
2019-08-02,176.34,36.0,fear,,,
2019-08-05,170.71,22.0,extreme_fear,,,
2019-08-06,171.64,27.0,fear,,,
2019-08-07,171.57,25.0,extreme_fear,,,
2019-08-08,174.53,25.0,extreme_fear,,,
2019-08-09,173.6,25.0,extreme_fear,,,
2019-08-12,171.89,23.0,extreme_fear,,,
2019-08-13,173.77,27.0,fear,,,
2019-08-14,170.45,21.0,extreme_fear,,,
2019-08-16,173.04,20.0,extreme_fear,,,
2019-08-19,175.1,26.0,fear,,,
2019-08-20,174.2,23.0,extreme_fear,,,
2019-08-21,175.44,25.0,extreme_fear,,,
2019-08-22,175.35,25.0,extreme_fear,,,
2019-08-23,171.87,18.0,extreme_fear,,,
2019-08-26,172.67,19.0,extreme_fear,,,
2019-08-27,172.83,16.0,extreme_fear,,,
2019-08-28,173.83,18.0,extreme_fear,,,
2019-08-29,175.75,26.0,fear,,,
2019-08-30,177.06,23.0,extreme_fear,,,
2019-09-03,176.91,25.0,extreme_fear,,,
2019-09-04,177.73,28.0,fear,,,
2019-09-05,179.6,39.0,fear,,,
2019-09-06,179.94,35.0,fear,,,
2019-09-09,179.78,45.0,fear,,,
2019-09-10,180.14,55.0,greed,,,
2019-09-11,182.12,57.0,greed,,,
2019-09-12,182.17,65.0,greed,,,
2019-09-13,181.65,68.0,greed,,,
2019-09-16,182.23,67.0,greed,,,
2019-09-17,181.86,66.0,greed,,,
2019-09-18,181.63,66.0,greed,,,
2019-09-19,182.0,63.0,greed,,,
2019-09-20,182.16,58.0,greed,,,
2019-09-23,182.11,59.0,greed,,,
2019-09-24,181.11,54.0,greed,,,
2019-09-25,181.96,59.0,greed,,,
2019-09-26,182.14,57.0,greed,,,
2019-09-27,181.57,52.0,greed,,,
2019-09-30,182.68,54.0,greed,,,
2019-10-01,180.62,48.0,fear,,,
2019-10-02,177.06,34.0,fear,,,
2019-10-03,177.28,29.0,fear,,,
2019-10-04,179.24,32.0,fear,,,
2019-10-07,178.81,30.0,fear,,,
2019-10-08,177.14,29.0,fear,,,
2019-10-09,177.91,30.0,fear,,,
2019-10-10,178.43,36.0,fear,,,
2019-10-11,180.5,42.0,fear,,,
2019-10-15,181.92,42.0,fear,,,
2019-10-16,181.61,47.0,fear,,,
2019-10-17,181.1,50.0,neutral,,,
2019-10-18,180.21,50.0,neutral,,,
2019-10-21,181.25,56.0,greed,,,
2019-10-22,181.09,59.0,greed,,,
2019-10-23,181.69,55.0,greed,,,
2019-10-24,182.47,57.0,greed,,,
2019-10-25,183.3,62.0,greed,,,
2019-10-28,184.0,67.0,greed,,,
2019-10-29,183.69,71.0,greed,,,
2019-10-30,183.97,75.0,greed,,,
2019-10-31,183.11,72.0,greed,,,
2019-11-04,185.46,86.0,extreme_greed,,,
2019-11-05,186.64,89.0,extreme_greed,,,
2019-11-06,186.81,88.0,extreme_greed,,,
2019-11-07,187.81,91.0,extreme_greed,,,
2019-11-08,188.39,91.0,extreme_greed,,,
2019-11-11,188.09,89.0,extreme_greed,,,
2019-11-12,188.65,88.0,extreme_greed,,,
2019-11-13,188.56,87.0,extreme_greed,,,
2019-11-14,188.5,83.0,extreme_greed,,,
2019-11-15,189.08,87.0,extreme_greed,,,
2019-11-18,188.83,83.0,extreme_greed,,,
2019-11-19,188.8,80.0,extreme_greed,,,
2019-11-20,188.19,74.0,greed,,,
2019-11-21,187.67,70.0,greed,,,
2019-11-22,188.69,69.0,greed,,,
2019-11-25,190.45,70.0,greed,,,
2019-11-26,190.77,69.0,greed,,,
2019-11-27,191.69,78.0,extreme_greed,,,
2019-11-29,190.4,79.0,extreme_greed,,,
2019-12-02,188.44,74.0,greed,,,
2019-12-03,186.96,63.0,greed,,,
2019-12-04,188.11,67.0,greed,,,
2019-12-05,188.12,67.0,greed,,,
2019-12-06,190.53,70.0,greed,,,
2019-12-09,189.87,68.0,greed,,,
2019-12-10,189.3,65.0,greed,,,
2019-12-11,189.62,61.0,greed,,,
2019-12-12,190.29,74.0,greed,,,
2019-12-13,190.99,75.0,greed,,,
2019-12-16,192.44,82.0,extreme_greed,,,
2019-12-17,192.1,85.0,extreme_greed,,,
2019-12-18,192.15,87.0,extreme_greed,,,
2019-12-19,192.92,90.0,extreme_greed,,,
2019-12-20,194.4,91.0,extreme_greed,,,
2019-12-23,194.42,92.0,extreme_greed,,,
2019-12-24,194.48,91.0,extreme_greed,,,
2019-12-27,194.12,91.0,extreme_greed,,,
2019-12-30,192.67,90.0,extreme_greed,,,
2019-12-31,192.73,93.0,extreme_greed,,,
2020-01-02,194.59,97.0,extreme_greed,,,
2020-01-03,194.12,93.0,extreme_greed,,,
2020-01-06,193.81,93.0,extreme_greed,,,
2020-01-07,194.3,89.0,extreme_greed,,,
2020-01-08,195.26,92.0,extreme_greed,,,
2020-01-09,196.64,93.0,extreme_greed,,,
2020-01-10,196.26,91.0,extreme_greed,,,
2020-01-13,196.76,90.0,extreme_greed,,,
2020-01-14,197.01,91.0,extreme_greed,,,
2020-01-15,196.77,87.0,extreme_greed,,,
2020-01-16,198.1,89.0,extreme_greed,,,
2020-01-17,199.7,89.0,extreme_greed,,,
2020-01-21,199.13,82.0,extreme_greed,,,
2020-01-22,199.63,74.0,greed,,,
2020-01-23,199.83,68.0,greed,,,
2020-01-24,199.3,62.0,greed,,,
2020-01-27,196.23,48.0,fear,,,
2020-01-28,197.82,52.0,greed,,,
2020-01-29,197.94,53.0,greed,,,
2020-01-30,197.19,56.0,greed,,,
2020-01-31,193.9,44.0,fear,,,
2020-02-03,195.1,46.0,fear,,,
2020-02-04,197.91,55.0,greed,,,
2020-02-05,200.57,60.0,greed,,,
2020-02-06,202.0,64.0,greed,,,
2020-02-07,201.27,57.0,greed,,,
2020-02-10,202.73,55.0,greed,,,
2020-02-11,203.59,56.0,greed,,,
2020-02-12,205.13,59.0,greed,,,
2020-02-13,205.64,58.0,greed,,,
2020-02-14,205.82,55.0,greed,,,
2020-02-18,205.41,51.0,greed,,,
2020-02-19,206.85,53.0,greed,,,
2020-02-20,205.73,50.0,neutral,,,
2020-02-21,203.34,44.0,fear,,,
2020-02-24,197.16,29.0,fear,,,
2020-02-25,191.65,22.0,extreme_fear,,,
2020-02-26,190.71,21.0,extreme_fear,,,
2020-02-27,181.87,13.0,extreme_fear,,,
2020-02-28,179.06,10.0,extreme_fear,,,
2020-03-02,182.42,14.0,extreme_fear,,,
2020-03-03,178.98,10.0,extreme_fear,,,
2020-03-04,185.0,15.0,extreme_fear,,,
2020-03-05,180.1,9.0,extreme_fear,,,
2020-03-06,174.65,7.0,extreme_fear,,,
2020-03-09,160.44,3.0,extreme_fear,,,
2020-03-10,166.06,6.0,extreme_fear,,,
2020-03-11,160.54,4.0,extreme_fear,,,
2020-03-12,147.32,2.0,extreme_fear,,,
2020-03-13,156.08,5.0,extreme_fear,,,
2020-03-16,140.35,3.0,extreme_fear,,,
2020-03-17,148.29,4.0,extreme_fear,,,
2020-03-18,142.42,5.0,extreme_fear,,,
2020-03-19,145.46,7.0,extreme_fear,,,
2020-03-20,141.93,8.0,extreme_fear,,,
2020-03-23,136.84,5.0,extreme_fear,,,
2020-03-24,148.46,13.0,extreme_fear,,,
2020-03-25,151.57,17.0,extreme_fear,,,
2020-03-26,156.51,22.0,extreme_fear,,,
2020-03-27,151.96,23.0,extreme_fear,,,
2020-03-30,156.14,25.0,extreme_fear,,,
2020-03-31,155.5,25.0,extreme_fear,,,
2020-04-01,149.96,22.0,extreme_fear,,,
2020-04-02,152.77,21.0,extreme_fear,,,
2020-04-03,151.45,22.0,extreme_fear,,,
2020-04-06,160.45,27.0,fear,,,
2020-04-07,160.35,25.0,extreme_fear,,,
2020-04-08,164.47,31.0,fear,,,
2020-04-09,165.94,43.0,fear,,,
2020-04-14,168.52,45.0,fear,,,
2020-04-15,165.54,41.0,fear,,,
2020-04-16,166.72,42.0,fear,,,
2020-04-17,170.62,44.0,fear,,,
2020-04-20,168.75,41.0,fear,,,
2020-04-21,163.82,40.0,fear,,,
2020-04-22,167.4,40.0,fear,,,
2020-04-23,167.94,40.0,fear,,,
2020-04-24,169.32,39.0,fear,,,
2020-04-27,171.89,42.0,fear,,,
2020-04-28,172.11,41.0,fear,,,
2020-04-29,175.85,47.0,fear,,,
2020-04-30,172.75,47.0,fear,,,
2020-05-04,168.68,44.0,fear,,,
2020-05-05,171.43,44.0,fear,,,
2020-05-06,171.4,40.0,fear,,,
2020-05-07,173.39,40.0,fear,,,
2020-05-08,174.76,45.0,fear,,,
2020-05-11,175.6,44.0,fear,,,
2020-05-12,172.56,39.0,fear,,,
2020-05-13,169.93,39.0,fear,,,
2020-05-14,170.5,38.0,fear,,,
2020-05-15,171.16,39.0,fear,,,
2020-05-18,175.73,47.0,fear,,,
2020-05-19,173.84,48.0,fear,,,
2020-05-20,175.76,52.0,greed,,,
2020-05-22,175.72,50.0,neutral,,,
2020-05-26,177.81,50.0,neutral,,,
2020-05-27,179.71,53.0,greed,,,
2020-05-28,179.51,50.0,neutral,,,
2020-05-29,178.38,52.0,greed,,,
2020-06-02,180.7,58.0,greed,,,
2020-06-03,183.06,60.0,greed,,,
2020-06-04,180.72,62.0,greed,,,
2020-06-05,185.19,66.0,greed,,,
2020-06-08,187.15,67.0,greed,,,
2020-06-09,185.23,67.0,greed,,,
2020-06-10,184.6,67.0,greed,,,
2020-06-11,174.95,56.0,greed,,,
2020-06-12,177.88,54.0,greed,,,
2020-06-15,177.85,53.0,greed,,,
2020-06-16,182.55,52.0,greed,,,
2020-06-17,182.69,52.0,greed,,,
2020-06-18,182.56,51.0,greed,,,
2020-06-19,182.45,52.0,greed,,,
2020-06-22,182.3,52.0,greed,,,
2020-06-23,182.26,52.0,greed,,,
2020-06-24,178.78,48.0,fear,,,
2020-06-25,180.87,49.0,fear,,,
2020-06-26,178.06,45.0,fear,,,
2020-06-29,178.99,48.0,fear,,,
2020-06-30,181.35,47.0,fear,,,
2020-07-01,181.47,48.0,fear,,,
2020-07-02,183.55,50.0,neutral,,,
2020-07-06,185.11,51.0,greed,,,
2020-07-07,183.74,49.0,fear,,,
2020-07-08,184.03,52.0,greed,,,
2020-07-09,183.49,53.0,greed,,,
2020-07-10,184.79,59.0,greed,,,
2020-07-13,183.49,53.0,greed,,,
2020-07-14,184.41,61.0,greed,,,
2020-07-15,186.19,62.0,greed,,,
2020-07-16,185.33,62.0,greed,,,
2020-07-17,185.9,63.0,greed,,,
2020-07-20,187.16,65.0,greed,,,
2020-07-21,186.87,65.0,greed,,,
2020-07-22,185.67,65.0,greed,,,
2020-07-23,184.09,68.0,greed,,,
2020-07-24,182.3,63.0,greed,,,
2020-07-27,181.54,65.0,greed,,,
2020-07-28,181.35,63.0,greed,,,
2020-07-29,182.19,64.0,greed,,,
2020-07-30,180.81,62.0,greed,,,
2020-07-31,180.24,65.0,greed,,,
2020-08-03,183.09,67.0,greed,,,
2020-08-04,183.82,67.0,greed,,,
2020-08-05,183.53,70.0,greed,,,
2020-08-06,184.31,73.0,greed,,,
2020-08-07,184.87,72.0,greed,,,
2020-08-10,185.61,75.0,greed,,,
2020-08-11,185.52,71.0,greed,,,
2020-08-12,187.62,73.0,greed,,,
2020-08-13,187.01,72.0,greed,,,
2020-08-14,186.69,72.0,greed,,,
2020-08-17,186.67,71.0,greed,,,
2020-08-18,186.45,70.0,greed,,,
2020-08-19,186.4,68.0,greed,,,
2020-08-20,186.74,70.0,greed,,,
2020-08-21,187.96,70.0,greed,,,
2020-08-24,189.4,71.0,greed,,,
2020-08-25,189.89,73.0,greed,,,
2020-08-26,191.8,74.0,greed,,,
2020-08-27,191.99,76.0,extreme_greed,,,
2020-08-28,191.38,77.0,extreme_greed,,,
2020-08-31,190.29,74.0,greed,,,
2020-09-01,191.15,77.0,extreme_greed,,,
2020-09-02,195.24,78.0,extreme_greed,,,
2020-09-03,189.99,60.0,greed,,,
2020-09-04,188.39,59.0,greed,,,
2020-09-08,184.93,55.0,greed,,,
2020-09-09,187.95,65.0,greed,,,
2020-09-10,184.96,59.0,greed,,,
2020-09-11,185.42,58.0,greed,,,
2020-09-14,187.02,59.0,greed,,,
2020-09-15,188.44,59.0,greed,,,
2020-09-16,188.44,56.0,greed,,,
2020-09-17,187.22,53.0,greed,,,
2020-09-18,185.19,52.0,greed,,,
2021-01-04,202.59,50.0,neutral,,,
2021-01-22,210.86,67.8,greed,,,
2021-01-25,211.55,67.6666666666667,greed,,,
2021-01-26,210.85,64.8666666666667,greed,,,
2021-01-27,207.54,37.8,fear,,,
2021-01-28,208.24,55.3619047619048,greed,,,
2021-01-29,204.05,44.211320754717,fear,,,
2021-02-01,207.97,47.9219626168224,fear,,,
2021-02-02,211.52,57.6,greed,,,
2021-02-03,212.3,56.95,greed,,,
2021-02-04,214.44,58.9,greed,,,
2021-02-05,214.84,65.0,greed,,,
2021-02-08,216.04,69.9,greed,,,
2021-02-09,215.34,73.15,greed,,,
2021-02-10,215.06,74.4,greed,,,
2021-02-11,215.57,75.75,extreme_greed,,,
2021-02-12,216.72,78.25,extreme_greed,,,
2021-02-16,217.49,76.3,extreme_greed,,,
2021-02-17,218.12,73.7,greed,,,
2021-02-18,216.4,66.7,greed,,,
2021-02-19,215.74,62.32,greed,,,
2021-02-22,214.12,55.9666666666667,greed,,,
2021-02-23,213.8,53.6666666666667,greed,,,
2021-02-24,215.49,59.3333333333333,greed,,,
2021-02-25,210.5,55.3,greed,,,
2021-02-26,209.47,48.4666666666667,fear,,,
2021-03-01,215.38,59.6333333333333,greed,,,
2021-03-02,213.97,56.2333333333333,greed,,,
2021-03-03,211.71,45.6666666666667,fear,,,
2021-03-04,209.63,40.5333333333333,fear,,,
2021-03-05,213.69,43.4,fear,,,
2021-03-08,214.15,41.0333333333333,fear,,,
2021-03-09,216.79,43.1333333333333,fear,,,
2021-03-10,217.64,45.0666666666667,fear,,,
2021-03-11,218.9,50.9333333333333,greed,,,
2021-03-12,219.44,56.0666666666667,greed,,,
2021-03-15,220.97,58.2333333333333,greed,,,
2021-03-17,221.57,56.3,greed,,,
2021-03-18,219.29,52.7333333333333,greed,,,
2021-03-19,219.11,49.5333333333333,fear,,,
2021-03-22,219.74,50.5333333333333,greed,,,
2021-03-23,219.13,44.0,fear,,,
2021-03-24,218.1,36.1666666666667,fear,,,
2021-03-25,219.93,34.2666666666667,fear,,,
2021-03-26,222.72,45.3333333333333,fear,,,
2021-03-29,222.91,36.2333333333333,fear,,,
2021-03-30,223.39,37.8666666666667,fear,,,
2021-03-31,223.46,43.3333333333333,fear,,,
2021-04-01,225.6,48.9666666666667,fear,,,
2021-04-06,226.96,54.8,greed,,,
2021-04-08,227.38,52.5333333333333,greed,,,
2021-04-09,228.67,51.0666666666667,greed,,,
2021-04-12,228.11,44.8666666666667,fear,,,
2021-04-14,227.48,41.3666666666667,fear,,,
2021-04-15,229.65,43.1,fear,,,
2021-04-16,230.39,50.5,greed,,,
2021-04-19,228.93,47.2,fear,,,
2021-04-20,226.19,36.9333333333333,fear,,,
2021-04-22,227.35,47.4,fear,,,
2021-04-23,228.57,53.9666666666667,greed,,,
2021-04-26,228.71,51.0333333333333,greed,,,
2021-04-27,228.42,52.8,greed,,,
2021-04-28,228.27,54.1333333333333,greed,,,
2021-04-29,228.74,58.9333333333333,greed,,,
2021-04-30,228.26,49.2666666666667,fear,,,
2021-05-03,228.34,46.8666666666667,fear,,,
2021-05-04,227.13,43.6666666666667,fear,,,
2021-05-05,228.46,43.3,fear,,,
2021-05-06,228.97,44.9,fear,,,
2021-05-07,229.56,48.2333333333333,fear,,,
2021-05-11,225.29,41.9333333333333,fear,,,
2021-05-12,222.89,29.2512820512821,fear,,,
2021-05-14,226.69,35.7333333333333,fear,,,
2021-05-17,226.12,35.6,fear,,,
2021-05-18,224.37,34.8333333333333,fear,,,
2021-05-19,223.07,31.8666666666667,fear,,,
2021-05-20,225.5,33.3666666666667,fear,,,
2021-05-21,226.08,29.7,fear,,,
2021-05-25,226.81,26.6,fear,,,
2021-05-26,227.62,28.9333333333333,fear,,,
2021-05-28,229.09,31.9333333333333,fear,,,
2021-06-01,228.11,35.0,fear,,,
2021-06-02,229.13,42.0666666666667,fear,,,
2021-06-03,229.46,41.6,fear,,,
2021-06-04,230.83,42.7666666666667,fear,,,
2021-06-07,230.66,43.7333333333333,fear,,,
2021-06-08,230.74,45.9,fear,,,
2021-06-09,230.18,46.6333333333333,fear,,,
2021-06-10,231.43,49.8666666666667,fear,,,
2021-06-11,233.0,52.5,greed,,,
2021-06-14,233.3,54.1,greed,,,
2021-06-15,233.08,51.8666666666667,greed,,,
2021-06-16,232.39,44.7,fear,,,
2021-06-18,233.39,31.8,fear,,,
2021-06-21,234.51,33.4333333333333,fear,,,
2021-06-22,236.27,32.3666666666667,fear,,,
2021-06-24,236.72,37.2333333333333,fear,,,
2021-06-25,237.13,41.8333333333333,fear,,,
2021-06-28,237.64,41.5333333333333,fear,,,
2021-06-29,238.07,40.0333333333333,fear,,,
2021-06-30,238.43,37.9666666666667,fear,,,
2021-07-01,239.12,39.0666666666667,fear,,,
2021-07-02,241.06,38.6,fear,,,
2021-07-06,241.05,33.0666666666667,fear,,,
2021-07-07,242.24,32.3333333333333,fear,,,
2021-07-08,238.98,26.8666666666667,fear,,,
2021-07-09,241.22,31.5333333333333,fear,,,
2021-07-13,242.53,30.3333333333333,fear,,,
2021-07-14,242.6,29.6333333333333,fear,,,
2021-07-15,241.42,26.8,fear,,,
2021-07-16,240.12,22.6333333333333,extreme_fear,,,
2021-07-19,236.3,13.8074433656958,extreme_fear,,,
2021-07-20,239.58,20.6333333333333,extreme_fear,,,
2021-07-21,241.51,24.4666666666667,extreme_fear,,,
2021-07-22,242.22,25.2,fear,,,
2021-07-23,244.92,29.1333333333333,fear,,,
2021-07-26,244.61,30.7,fear,,,
2021-07-27,243.32,27.3666666666667,fear,,,
2021-07-28,243.9,27.4666666666667,fear,,,
2021-07-29,243.76,30.4333333333333,fear,,,
2021-07-30,242.69,26.4666666666667,fear,,,
2021-08-02,242.82,24.3666666666667,extreme_fear,,,
2021-08-03,244.5,29.8,fear,,,
2021-08-04,244.26,27.3333333333333,fear,,,
2021-08-05,245.74,32.5333333333333,fear,,,
2021-08-09,247.31,32.0,fear,,,
2021-08-12,249.23,38.9666666666667,fear,,,
2021-08-13,248.65,41.4333333333333,fear,,,
2021-08-16,248.5,46.7666666666667,fear,,,
2021-08-17,248.28,36.7333333333333,fear,,,
2021-08-18,246.64,20.5927835051546,extreme_fear,,,
2021-08-19,246.11,19.112925170068,extreme_fear,,,
2021-08-20,247.53,24.4333333333333,extreme_fear,,,
2021-08-23,248.87,28.1666666666667,fear,,,
2021-08-24,249.19,33.9666666666667,fear,,,
2021-08-25,249.53,38.9,fear,,,
2021-08-26,248.4,33.7333333333333,fear,,,
2021-08-27,249.61,44.7666666666667,fear,,,
2021-08-30,250.38,49.9666666666667,fear,,,
2021-08-31,249.85,45.3,fear,,,
2021-09-01,249.64,47.1333333333333,fear,,,
2021-09-02,250.21,46.9666666666667,fear,,,
2021-09-03,250.13,44.6,fear,,,
2021-09-07,250.5,42.9,fear,,,
2021-09-08,250.28,38.8666666666667,fear,,,
2021-09-09,249.3,34.4666666666667,fear,,,
2021-09-10,247.85,23.0686868686869,extreme_fear,,,
2021-09-13,248.51,28.4666666666667,fear,,,
2021-09-14,247.68,24.2,extreme_fear,,,
2021-09-15,248.67,27.9,fear,,,
2021-09-16,249.44,31.3333333333333,fear,,,
2021-09-17,247.92,22.9333333333333,extreme_fear,,,
2021-09-20,244.11,12.2917491749175,extreme_fear,,,
2021-09-21,244.4,13.8294117647059,extreme_fear,,,
2021-09-22,246.02,20.4,extreme_fear,,,
2021-09-23,248.45,23.5333333333333,extreme_fear,,,
2021-09-24,248.97,24.7666666666667,extreme_fear,,,
2021-09-27,248.59,25.3,fear,,,
2021-09-28,244.1,15.3313915857605,extreme_fear,,,
2021-09-29,245.11,15.5326923076923,extreme_fear,,,
2021-09-30,243.88,12.9507936507937,extreme_fear,,,
2021-10-01,244.88,18.4666666666667,extreme_fear,,,
2021-10-04,241.89,12.7641509433962,extreme_fear,,,
2021-10-05,244.44,18.7,extreme_fear,,,
2021-10-06,245.49,19.5,extreme_fear,,,
2021-10-07,247.81,23.7666666666667,extreme_fear,,,
2021-10-08,247.29,25.5333333333333,fear,,,
2021-10-11,246.31,24.1333333333333,extreme_fear,,,
2021-10-12,246.26,24.6,extreme_fear,,,
2021-10-13,246.88,24.5333333333333,extreme_fear,,,
2021-10-14,250.29,29.7666666666667,fear,,,
2021-10-15,251.96,41.0666666666667,fear,,,
2021-10-18,252.25,46.8,fear,,,
2021-10-19,253.28,53.6,greed,,,
2021-10-20,254.15,57.3,greed,,,
2021-10-21,254.39,60.3333333333333,greed,,,
2021-10-22,254.46,59.4666666666667,greed,,,
2021-10-25,255.9,62.8,greed,,,
2021-10-26,256.99,63.2,greed,,,
2021-10-27,255.53,58.3,greed,,,
2021-10-28,256.2,64.5666666666667,greed,,,
2021-10-29,258.15,65.5666666666667,greed,,,
2021-11-01,259.05,66.4,greed,,,
2021-11-02,259.71,68.5,greed,,,
2021-11-03,260.78,72.6,greed,,,
2021-11-04,262.87,72.7333333333333,greed,,,
2021-11-05,263.28,73.7333333333333,greed,,,
2021-11-08,262.95,74.5,greed,,,
2021-11-09,262.25,77.4571428571429,extreme_greed,,,
2021-11-10,261.45,73.6285714285714,greed,,,
2021-11-11,262.77,72.8571428571429,greed,,,
2021-11-12,265.21,74.3142857142857,greed,,,
2021-11-15,265.99,72.5142857142857,greed,,,
2021-11-16,268.11,72.9714285714286,greed,,,
2021-11-17,268.21,71.1428571428571,greed,,,
2021-11-18,267.71,68.3714285714286,greed,,,
2021-11-19,267.92,63.9142857142857,greed,,,
2021-11-22,268.07,59.7142857142857,greed,,,
2021-11-23,267.28,59.0,greed,,,
2021-11-24,268.99,59.1142857142857,greed,,,
2021-11-26,260.65,33.0213618157543,fear,,,
2021-11-29,263.73,38.6571428571429,fear,,,
2021-11-30,259.54,27.0560846560847,fear,,,
2021-12-01,256.6,26.0587155963303,fear,,,
2021-12-02,258.95,25.3220779220779,fear,,,
2021-12-03,257.54,20.9938223938224,extreme_fear,,,
2021-12-06,260.51,24.3734693877551,extreme_fear,,,
2021-12-07,266.69,36.8285714285714,fear,,,
2021-12-08,265.7,41.5428571428571,fear,,,
2021-12-09,264.79,37.5142857142857,fear,,,
2021-12-10,265.68,42.9142857142857,fear,,,
2021-12-13,264.16,35.9714285714286,fear,,,
2021-12-14,262.2,32.0285714285714,fear,,,
2021-12-15,265.83,37.2,fear,,,
2021-12-16,263.71,34.0,fear,,,
2021-12-17,262.32,32.3428571428571,fear,,,
2021-12-20,258.69,29.6857142857143,fear,,,
2021-12-21,263.65,34.6285714285714,fear,,,
2021-12-22,264.85,39.7428571428571,fear,,,
2021-12-23,267.08,43.8571428571429,fear,,,
2021-12-27,269.47,59.4,greed,,,
2021-12-28,270.13,59.0285714285714,greed,,,
2021-12-29,269.24,63.8571428571429,greed,,,
2021-12-30,269.15,64.8571428571429,greed,,,
2021-12-31,267.62,61.9428571428571,greed,,,
2022-01-03,270.26,65.8857142857143,greed,,,
2022-01-05,266.2,52.2857142857143,greed,,,
2022-01-06,265.62,50.4857142857143,greed,,,
2022-01-07,263.81,51.2,greed,,,
2022-01-10,263.5,47.7714285714286,fear,,,
2022-01-11,265.28,55.2857142857143,greed,,,
2022-01-12,265.15,59.2285714285714,greed,,,
2022-01-13,261.42,50.3428571428571,greed,,,
2022-01-14,261.44,52.8857142857143,greed,,,
2022-01-18,259.43,51.3428571428571,greed,,,
2022-01-19,257.22,48.6857142857143,fear,,,
2022-01-20,255.8,40.3428571428571,fear,,,
2022-01-21,251.05,29.4805194805195,fear,,,
2022-01-24,250.27,25.8815958815959,fear,,,
2022-01-25,248.51,22.4733590733591,extreme_fear,,,
2022-01-26,248.67,21.1876447876448,extreme_fear,,,
2022-01-27,249.59,20.4387755102041,extreme_fear,,,
2022-01-28,253.49,23.8285714285714,extreme_fear,,,
2022-01-31,257.01,30.2285714285714,fear,,,
2022-02-01,258.44,30.8857142857143,fear,,,
2022-02-02,259.62,27.7142857142857,fear,,,
2022-02-03,251.77,26.3142857142857,fear,,,
2022-02-04,251.95,27.8,fear,,,
2022-02-07,251.72,27.9714285714286,fear,,,
2022-02-08,253.72,29.6571428571429,fear,,,
2022-02-09,257.5,32.9714285714286,fear,,,
2022-02-10,253.61,32.1714285714286,fear,,,
2022-02-11,250.95,29.2,fear,,,
2022-02-14,250.78,25.1428571428571,fear,,,
2022-02-15,253.14,28.7428571428571,fear,,,
2022-02-16,253.65,30.5142857142857,fear,,,
2022-02-17,249.3,29.7142857142857,fear,,,
2022-02-18,247.8,30.4285714285714,fear,,,
2022-02-22,245.11,28.0571428571429,fear,,,
2022-02-23,241.8,21.1175202156334,extreme_fear,,,
2022-02-24,246.3,22.4177897574124,extreme_fear,,,
2022-02-28,249.57,30.0408163265306,fear,,,
2022-03-01,247.69,24.8829931972789,extreme_fear,,,
2022-03-02,252.25,21.4299319727891,extreme_fear,,,
2022-03-03,250.53,22.8190476190476,extreme_fear,,,
2022-03-04,249.78,21.0272108843537,extreme_fear,,,
2022-03-07,243.93,17.9496598639456,extreme_fear,,,
2022-03-08,242.08,18.1931972789116,extreme_fear,,,
2022-03-09,245.61,21.2367346938776,extreme_fear,,,
2022-03-10,245.56,20.1115646258503,extreme_fear,,,
2022-03-11,244.03,19.9006802721088,extreme_fear,,,
2022-03-14,242.58,20.5183673469388,extreme_fear,,,
2022-03-15,246.13,23.7714285714286,extreme_fear,,,
2022-03-16,251.87,25.4,fear,,,
2022-03-17,253.1,29.1714285714286,fear,,,
2022-03-18,257.01,37.9714285714286,fear,,,
2022-03-21,256.9,40.7714285714286,fear,,,
2022-03-22,260.0,44.5714285714286,fear,,,
2022-03-23,258.25,45.5142857142857,fear,,,
2022-03-24,260.58,47.5428571428571,fear,,,
2022-03-25,261.8,49.3428571428571,fear,,,
2022-03-29,264.32,53.3428571428571,greed,,,
2022-03-30,261.79,52.8285714285714,greed,,,
2022-03-31,258.86,58.9714285714286,greed,,,
2022-04-01,261.28,59.6857142857143,greed,,,
2022-04-04,264.48,61.8,greed,,,
2022-04-05,263.1,48.5428571428571,fear,,,
2022-04-06,260.33,46.6285714285714,fear,,,
2022-04-07,260.55,46.7714285714286,fear,,,
2022-04-08,261.49,46.4571428571429,fear,,,
2022-04-11,257.49,44.0571428571429,fear,,,
2022-04-12,256.95,43.4571428571429,fear,,,
2022-04-13,259.8,43.3142857142857,fear,,,
2022-04-14,259.23,41.0571428571429,fear,,,
2022-04-19,261.31,42.4857142857143,fear,,,
2022-04-20,260.3,41.0285714285714,fear,,,
2022-04-21,257.85,40.8857142857143,fear,,,
2022-04-22,252.68,32.7428571428571,fear,,,
2022-04-26,249.3,20.5827067669173,extreme_fear,,,
2022-04-27,252.16,19.4578947368421,extreme_fear,,,
2022-04-28,257.09,23.2571428571429,extreme_fear,,,
2022-04-29,250.4,18.5428571428571,extreme_fear,,,
2022-05-02,251.11,17.7714285714286,extreme_fear,,,
2022-05-03,251.83,30.7428571428571,fear,,,
2022-05-04,256.63,22.1714285714286,extreme_fear,,,
2022-05-05,249.86,17.6285714285714,extreme_fear,,,
2022-05-06,246.58,16.2571428571429,extreme_fear,,,
2022-05-09,239.75,10.2190476190476,extreme_fear,,,
2022-05-10,240.09,10.8666666666667,extreme_fear,,,
2022-05-11,237.8,8.03759398496241,extreme_fear,,,
2022-05-12,239.79,6.89473684210526,extreme_fear,,,
2022-05-13,245.85,11.6,extreme_fear,,,
2022-05-16,244.96,14.4222466735,extreme_fear,,,
2022-05-17,246.68,15.8537384579857,extreme_fear,,,
2022-05-18,239.87,9.73214590628571,extreme_fear,,,
2022-05-19,236.99,12.4161691138857,extreme_fear,,,
