Date	Close
24/12/2010	8,908
25/12/2010	8,909
26/12/2010	8,909
27/12/2010	8,82
28/12/2010	8,837
29/12/2010	8,853
30/12/2010	8,781
31/12/2010	8,801
01/01/2011	8,802
02/01/2011	8,802
03/01/2011	8,838
04/01/2011	8,865
05/01/2011	8,784
06/01/2011	8,713
07/01/2011	8,634
08/01/2011	8,635
09/01/2011	8,635
10/01/2011	8,564
11/01/2011	8,659
12/01/2011	9,056
13/01/2011	9,217
14/01/2011	9,211
15/01/2011	9,211
16/01/2011	9,212
17/01/2011	9,108
18/01/2011	9,382
19/01/2011	9,382
20/01/2011	9,499
21/01/2011	9,633
22/01/2011	9,635
23/01/2011	9,635
24/01/2011	9,664
25/01/2011	9,593
26/01/2011	9,603
27/01/2011	9,694
28/01/2011	9,684
29/01/2011	9,684
30/01/2011	9,685
31/01/2011	9,672
01/02/2011	9,805
02/02/2011	9,853
03/02/2011	9,857
04/02/2011	9,88
05/02/2011	9,881
06/02/2011	9,882
07/02/2011	9,964
08/02/2011	9,969
09/02/2011	9,918
10/02/2011	9,843
11/02/2011	9,862
12/02/2011	9,863
13/02/2011	9,864
14/02/2011	9,841
15/02/2011	9,922
16/02/2011	10,093
17/02/2011	10,158
18/02/2011	10,17
19/02/2011	10,168
20/02/2011	10,168
21/02/2011	10,149
22/02/2011	10,13
23/02/2011	10,048
24/02/2011	9,983
25/02/2011	10,126
26/02/2011	10,123
27/02/2011	10,123
28/02/2011	10,097
01/03/2011	10,09
02/03/2011	10,063
03/03/2011	10,043
04/03/2011	10,05
05/03/2011	10,05
06/03/2011	10,051
07/03/2011	10,014
08/03/2011	9,975
09/03/2011	10,171
10/03/2011	10,026
11/03/2011	9,979
12/03/2011	9,979
13/03/2011	9,98
14/03/2011	9,965
15/03/2011	9,738
16/03/2011	9,484
17/03/2011	9,737
18/03/2011	9,792
19/03/2011	9,791
20/03/2011	9,792
21/03/2011	9,807
22/03/2011	9,812
23/03/2011	9,839
24/03/2011	9,975
25/03/2011	9,944
26/03/2011	9,944
27/03/2011	9,945
28/03/2011	10,046
29/03/2011	10,012
30/03/2011	10,072
31/03/2011	10,011
01/04/2011	10,148
02/04/2011	10,15
03/04/2011	10,151
04/04/2011	10,219
05/04/2011	10,09
06/04/2011	10,195
07/04/2011	10,18
08/04/2011	10,235
09/04/2011	10,236
10/04/2011	10,237
11/04/2011	10,194
12/04/2011	10,076
13/04/2011	10,039
14/04/2011	9,939
15/04/2011	9,978
16/04/2011	9,979
17/04/2011	9,979
18/04/2011	9,96
19/04/2011	9,875
20/04/2011	10,111
21/04/2011	10,159
22/04/2011	10,112
23/04/2011	10,112
24/04/2011	10,113
25/04/2011	10,114
26/04/2011	10,14
27/04/2011	10,267
28/04/2011	10,323
29/04/2011	10,385
30/04/2011	10,386
01/05/2011	10,395
02/05/2011	10,347
03/05/2011	10,331
04/05/2011	10,153
05/05/2011	10,071
06/05/2011	10,052
07/05/2011	10,053
08/05/2011	10,053
09/05/2011	10,055
10/05/2011	10,182
11/05/2011	10,284
12/05/2011	10,259
13/05/2011	10,175
14/05/2011	10,174
15/05/2011	10,175
16/05/2011	10,082
17/05/2011	10,119
18/05/2011	10,122
19/05/2011	10,17
20/05/2011	10,016
21/05/2011	10,015
22/05/2011	10,016
23/05/2011	9,975
24/05/2011	9,917
25/05/2011	9,961
26/05/2011	9,945
27/05/2011	9,914
28/05/2011	9,914
29/05/2011	9,915
30/05/2011	9,928
31/05/2011	9,936
01/06/2011	9,979
02/06/2011	9,95
03/06/2011	9,955
04/06/2011	9,955
05/06/2011	9,956
06/06/2011	9,91
07/06/2011	9,889
08/06/2011	9,91
09/06/2011	9,899
10/06/2011	9,966
11/06/2011	9,968
12/06/2011	9,968
13/06/2011	9,936
14/06/2011	9,936
15/06/2011	9,923
16/06/2011	9,927
17/06/2011	9,891
18/06/2011	9,893
19/06/2011	9,894
20/06/2011	9,921
21/06/2011	10,124
22/06/2011	9,996
23/06/2011	9,95
24/06/2011	9,689
25/06/2011	9,687
26/06/2011	9,688
27/06/2011	9,729
28/06/2011	9,8
29/06/2011	9,974
30/06/2011	10,163
01/07/2011	10,29
02/07/2011	10,292
03/07/2011	10,293
04/07/2011	10,284
05/07/2011	10,308
06/07/2011	10,18
07/07/2011	10,168
08/07/2011	9,942
09/07/2011	9,941
10/07/2011	9,941
11/07/2011	9,776
13/07/2011	9,573
14/07/2011	9,548
15/07/2011	9,45
18/07/2011	9,368
19/07/2011	9,488
20/07/2011	9,764
21/07/2011	10,153
25/07/2011	10,111
26/07/2011	10,017
27/07/2011	9,805
28/07/2011	9,789
29/07/2011	9,773
01/08/2011	9,472
03/08/2011	9,104
04/08/2011	8,667
05/08/2011	8,656
09/08/2011	8,397
10/08/2011	8,106
11/08/2011	8,201
12/08/2011	8,379
15/08/2011	8,39
16/08/2011	8,348
17/08/2011	8,385
18/08/2011	8,25
19/08/2011	8,177
22/08/2011	8,189
23/08/2011	8,122
24/08/2011	8,049
25/08/2011	7,955
26/08/2011	7,975
29/08/2011	8,067
30/08/2011	7,677
31/08/2011	7,967
01/09/2011	7,963
02/09/2011	7,918
05/09/2011	7,945
06/09/2011	8,074
07/09/2011	8,027
08/09/2011	8,011
09/09/2011	8,033
12/09/2011	7,828
13/09/2011	7,882
14/09/2011	8,014
15/09/2011	7,941
16/09/2011	7,997
19/09/2011	7,944
20/09/2011	7,963
21/09/2011	7,697
22/09/2011	7,601
23/09/2011	7,585
26/09/2011	7,749
27/09/2011	7,822
28/09/2011	7,868
29/09/2011	7,897
30/09/2011	7,828
03/10/2011	7,808
04/10/2011	7,936
05/10/2011	7,972
06/10/2011	8,195
07/10/2011	8,235
10/10/2011	8,398
11/10/2011	8,33
12/10/2011	8,298
13/10/2011	8,196
14/10/2011	8,178
17/10/2011	8,133
18/10/2011	8,222
19/10/2011	8,095
20/10/2011	8,013
21/10/2011	8,136
24/10/2011	8,192
25/10/2011	8,171
26/10/2011	8,211
27/10/2011	8,149
28/10/2011	8,358
31/10/2011	8,274
01/11/2011	8,186
02/11/2011	8,149
03/11/2011	8,214
04/11/2011	7,951
07/11/2011	7,939
08/11/2011	8,1
09/11/2011	7,707
11/11/2011	7,59
14/11/2011	7,537
15/11/2011	7,267
16/11/2011	7,258
17/11/2011	7,242
18/11/2011	7,2
21/11/2011	7,196
22/11/2011	7,11
23/11/2011	7,057
24/11/2011	7,027
25/11/2011	7,153
28/11/2011	6,897
29/11/2011	6,908
30/11/2011	6,845
01/12/2011	6,91
02/12/2011	6,951
05/12/2011	7,006
06/12/2011	7,04
07/12/2011	7,042
08/12/2011	6,998
09/12/2011	7,022
12/12/2011	6,991
13/12/2011	7,023
14/12/2011	7,082
15/12/2011	7,094
16/12/2011	7,047
19/12/2011	7,124
20/12/2011	7,087
21/12/2011	7,075
22/12/2011	7,011
23/12/2011	7,001
27/12/2011	7,031
28/12/2011	7,052
29/12/2011	7,066
30/12/2011	7,105
02/01/2012	7,107
03/01/2012	7,213
04/01/2012	7,227
06/01/2012	7,196
09/01/2012	7,186
10/01/2012	7,179
11/01/2012	7,216
12/01/2012	7,295
13/01/2012	7,283
16/01/2012	7,289
17/01/2012	7,302
18/01/2012	7,318
19/01/2012	7,322
20/01/2012	7,31
23/01/2012	7,275
24/01/2012	7,378
25/01/2012	7,408
26/01/2012	7,432
27/01/2012	7,422
30/01/2012	7,481
31/01/2012	7,493
01/02/2012	7,482
02/02/2012	7,476
03/02/2012	7,769
06/02/2012	7,77
07/02/2012	7,738
08/02/2012	7,767
09/02/2012	7,776
10/02/2012	7,766
13/02/2012	7,737
14/02/2012	7,745
15/02/2012	7,699
16/02/2012	7,696
17/02/2012	7,641
20/02/2012	7,788
21/02/2012	7,753
22/02/2012	7,683
23/02/2012	7,656
24/02/2012	7,648
27/02/2012	7,923
28/02/2012	7,732
29/02/2012	7,707
01/03/2012	7,816
02/03/2012	7,658
05/03/2012	7,766
06/03/2012	7,758
07/03/2012	7,771
08/03/2012	7,859
09/03/2012	7,852
12/03/2012	7,889
13/03/2012	7,972
14/03/2012	7,955
15/03/2012	7,961
16/03/2012	7,924
19/03/2012	7,989
20/03/2012	7,778
21/03/2012	7,727
22/03/2012	7,646
23/03/2012	7,661
26/03/2012	7,7
27/03/2012	7,682
28/03/2012	7,676
29/03/2012	7,614
30/03/2012	7,651
02/04/2012	7,64
03/04/2012	7,461
04/04/2012	7,356
05/04/2012	7,306
10/04/2012	7,121
11/04/2012	7,268
12/04/2012	7,207
13/04/2012	7,008
16/04/2012	6,934
17/04/2012	7,113
18/04/2012	6,856
19/04/2012	6,681
20/04/2012	6,783
23/04/2012	6,605
24/04/2012	6,669
25/04/2012	6,749
26/04/2012	6,717
27/04/2012	6,805
30/04/2012	6,71
02/05/2012	6,57
03/05/2012	6,486
04/05/2012	6,537
07/05/2012	6,568
08/05/2012	6,491
09/05/2012	6,404
10/05/2012	6,461
11/05/2012	6,427
14/05/2012	6,208
15/05/2012	6,057
16/05/2012	5,998
17/05/2012	5,885
18/05/2012	5,972
21/05/2012	5,937
22/05/2012	5,971
23/05/2012	5,887
24/05/2012	5,86
25/05/2012	5,852
28/05/2012	5,751
29/05/2012	5,64
30/05/2012	5,54
31/05/2012	5,552
01/06/2012	5,453
04/06/2012	5,553
05/06/2012	5,575
06/06/2012	5,662
07/06/2012	5,645
08/06/2012	5,667
11/06/2012	5,522
12/06/2012	5,499
13/06/2012	5,47
14/06/2012	5,536
15/06/2012	5,691
18/06/2012	5,517
19/06/2012	5,619
20/06/2012	5,709
21/06/2012	5,619
22/06/2012	5,701
25/06/2012	5,525
26/06/2012	5,501
27/06/2012	5,548
28/06/2012	5,53
29/06/2012	5,904
02/07/2012	5,979
03/07/2012	6,007
04/07/2012	6,002
05/07/2012	5,842
06/07/2012	5,619
09/07/2012	5,583
10/07/2012	5,556
11/07/2012	5,672
12/07/2012	5,561
13/07/2012	5,558
16/07/2012	5,391
17/07/2012	5,371
18/07/2012	5,351
19/07/2012	5,375
20/07/2012	5,194
23/07/2012	5,072
24/07/2012	5,007
25/07/2012	5,029
26/07/2012	5,133
27/07/2012	5,294
30/07/2012	5,376
31/07/2012	5,366
01/08/2012	5,358
02/08/2012	5,087
03/08/2012	5,406
06/08/2012	5,61
07/08/2012	5,743
08/08/2012	5,753
09/08/2012	5,728
10/08/2012	5,731
13/08/2012	5,747
14/08/2012	5,775
15/08/2012	5,733
16/08/2012	6,037
17/08/2012	6,199
20/08/2012	6,172
21/08/2012	6,258
22/08/2012	6,265
23/08/2012	6,192
24/08/2012	6,204
27/08/2012	6,229
28/08/2012	6,208
29/08/2012	6,166
30/08/2012	6,073
31/08/2012	6,325
03/09/2012	6,357
04/09/2012	6,397
05/09/2012	6,375
06/09/2012	6,751
07/09/2012	6,796
10/09/2012	7,01
11/09/2012	7,01
12/09/2012	7,12
13/09/2012	7,195
14/09/2012	7,247
17/09/2012	7,255
18/09/2012	7,235
19/09/2012	7,324
20/09/2012	7,22
21/09/2012	7,341
24/09/2012	7,344
28/09/2012	7,138
01/10/2012	7,181
02/10/2012	7,224
03/10/2012	7,217
04/10/2012	7,281
05/10/2012	7,387
08/10/2012	7,372
09/10/2012	7,292
10/10/2012	7,214
11/10/2012	7,225
12/10/2012	7,295
15/10/2012	7,399
16/10/2012	7,591
17/10/2012	7,754
18/10/2012	7,754
19/10/2012	7,636
22/10/2012	7,674
23/10/2012	7,535
24/10/2012	7,602
25/10/2012	7,54
26/10/2012	7,532
29/10/2012	7,481
30/10/2012	7,524
31/10/2012	7,53
01/11/2012	7,606
02/11/2012	7,595
05/11/2012	7,559
06/11/2012	7,647
07/11/2012	7,583
08/11/2012	7,431
09/11/2012	7,375
12/11/2012	7,407
13/11/2012	7,461
14/11/2012	7,423
15/11/2012	7,479
16/11/2012	7,386
19/11/2012	7,586
20/11/2012	7,569
21/11/2012	7,648
23/11/2012	7,835
26/11/2012	7,764
27/11/2012	7,85
28/11/2012	7,967
29/11/2012	8,122
30/11/2012	8,14
03/12/2012	8,177
04/12/2012	8,225
05/12/2012	8,27
06/12/2012	8,312
07/12/2012	8,326
10/12/2012	8,255
11/12/2012	8,43
12/12/2012	8,501
13/12/2012	8,506
14/12/2012	8,491
17/12/2012	8,543
18/12/2012	8,604
19/12/2012	8,696
20/12/2012	8,697
21/12/2012	8,682
24/12/2012	8,693
26/12/2012	8,694
27/12/2012	8,692
28/12/2012	8,624
31/12/2012	8,624
02/01/2013	8,846
03/01/2013	8,905
04/01/2013	8,99
07/01/2013	9,073
08/01/2013	9,187
09/01/2013	9,321
10/01/2013	9,423
11/01/2013	9,446
14/01/2013	9,453
15/01/2013	9,484
16/01/2013	9,43
17/01/2013	9,502
18/01/2013	9,551
21/01/2013	9,577
22/01/2013	9,612
23/01/2013	9,555
24/01/2013	9,562
25/01/2013	9,658
28/01/2013	9,621
29/01/2013	9,596
30/01/2013	9,518
31/01/2013	9,375
01/02/2013	9,283
04/02/2013	8,926
05/02/2013	9,03
06/02/2013	8,945
07/02/2013	8,852
08/02/2013	9,044
11/02/2013	8,978
12/02/2013	9,093
13/02/2013	9,093
14/02/2013	9,033
15/02/2013	8,963
18/02/2013	9,037
19/02/2013	9,128
20/02/2013	9,06
21/02/2013	8,899
22/02/2013	9,142
25/02/2013	8,862
26/02/2013	8,836
27/02/2013	8,983
28/02/2013	9,055
01/03/2013	8,949
04/03/2013	9,004
05/03/2013	9,125
06/03/2013	9,168
07/03/2013	9,196
08/03/2013	9,39
11/03/2013	9,389
12/03/2013	9,321
13/03/2013	9,283
14/03/2013	9,406
18/03/2013	9,123
19/03/2013	9,155
20/03/2013	9,076
21/03/2013	9,098
22/03/2013	9,072
25/03/2013	9,07
26/03/2013	9,018
27/03/2013	8,976
28/03/2013	8,923
02/04/2013	8,962
03/04/2013	8,874
04/04/2013	8,863
05/04/2013	8,874
08/04/2013	8,881
09/04/2013	8,9
10/04/2013	9,008
11/04/2013	9,047
12/04/2013	9,012
15/04/2013	8,897
16/04/2013	8,929
17/04/2013	8,81
18/04/2013	8,802
19/04/2013	8,901
22/04/2013	9,062
23/04/2013	9,39
24/04/2013	9,442
25/04/2013	9,423
26/04/2013	9,3
29/04/2013	9,6
30/04/2013	9,551
02/05/2013	9,657
03/05/2013	9,788
06/05/2013	9,782
07/05/2013	9,856
08/05/2013	9,961
09/05/2013	9,954
10/05/2013	9,865
13/05/2013	9,794
14/05/2013	9,843
15/05/2013	10,034
16/05/2013	10,04
17/05/2013	10,117
20/05/2013	10,045
21/05/2013	10,015
22/05/2013	9,97
23/05/2013	9,914
24/05/2013	9,949
27/05/2013	9,92
28/05/2013	9,941
29/05/2013	9,896
30/05/2013	9,915
31/05/2013	9,82
03/06/2013	9,82
04/06/2013	9,83
05/06/2013	9,865
06/06/2013	9,814
07/06/2013	9,79
10/06/2013	9,762
11/06/2013	9,696
12/06/2013	9,672
13/06/2013	9,588
14/06/2013	9,614
17/06/2013	9,613
18/06/2013	9,64
19/06/2013	9,542
20/06/2013	9,213
21/06/2013	9,028
24/06/2013	8,854
25/06/2013	8,88
26/06/2013	9,08
27/06/2013	9,071
28/06/2013	8,985
01/07/2013	9,111
02/07/2013	9,032
03/07/2013	8,964
04/07/2013	9,251
05/07/2013	9,056
08/07/2013	9,18
09/07/2013	9,227
10/07/2013	9,188
11/07/2013	9,14
12/07/2013	9,002
15/07/2013	9,014
16/07/2013	8,954
17/07/2013	8,984
18/07/2013	9,175
19/07/2013	9,194
22/07/2013	9,277
23/07/2013	9,363
24/07/2013	9,511
25/07/2013	9,633
26/07/2013	9,773
29/07/2013	9,773
30/07/2013	9,817
31/07/2013	9,835
01/08/2013	10,082
02/08/2013	10,177
05/08/2013	10,192
06/08/2013	10,162
07/08/2013	10,271
08/08/2013	10,437
09/08/2013	10,59
12/08/2013	10,567
13/08/2013	10,592
14/08/2013	10,621
15/08/2013	10,554
16/08/2013	10,578
19/08/2013	10,553
20/08/2013	10,577
21/08/2013	10,539
22/08/2013	10,605
23/08/2013	10,64
26/08/2013	10,588
27/08/2013	10,543
28/08/2013	10,538
29/08/2013	10,538
30/08/2013	10,511
02/09/2013	10,529
03/09/2013	10,484
04/09/2013	10,502
05/09/2013	10,476
06/09/2013	10,595
09/09/2013	10,629
10/09/2013	10,671
11/09/2013	10,77
12/09/2013	10,824
13/09/2013	10,809
16/09/2013	10,88
17/09/2013	10,896
18/09/2013	10,879
19/09/2013	10,962
20/09/2013	10,989
23/09/2013	11,035
24/09/2013	11,018
25/09/2013	11,054
26/09/2013	11,118
27/09/2013	11,139
30/09/2013	11,179
01/10/2013	11,332
02/10/2013	11,332
03/10/2013	11,351
04/10/2013	11,382
07/10/2013	11,396
08/10/2013	11,44
09/10/2013	11,455
10/10/2013	11,616
11/10/2013	11,655
14/10/2013	11,718
15/10/2013	11,746
16/10/2013	11,783
17/10/2013	11,842
18/10/2013	11,831
21/10/2013	11,842
22/10/2013	11,834
23/10/2013	11,755
24/10/2013	11,812
25/10/2013	11,736
28/10/2013	11,726
29/10/2013	11,874
30/10/2013	11,839
31/10/2013	11,976
01/11/2013	11,91
04/11/2013	11,968
05/11/2013	11,806
06/11/2013	11,874
07/11/2013	11,816
08/11/2013	11,844
11/11/2013	11,868
12/11/2013	11,825
13/11/2013	11,801
14/11/2013	11,794
15/11/2013	11,774
18/11/2013	11,851
19/11/2013	11,735
20/11/2013	11,666
21/11/2013	11,757
22/11/2013	11,807
25/11/2013	11,825
26/11/2013	11,829
27/11/2013	11,896
28/11/2013	11,974
29/11/2013	11,962
02/12/2013	11,866
03/12/2013	11,727
04/12/2013	11,731
05/12/2013	11,741
06/12/2013	11,752
09/12/2013	11,754
10/12/2013	11,67
11/12/2013	11,56
12/12/2013	11,489
13/12/2013	11,56
16/12/2013	11,631
17/12/2013	11,657
18/12/2013	11,806
19/12/2013	11,928
20/12/2013	11,976
23/12/2013	11,967
24/12/2013	11,947
26/12/2013	11,948
27/12/2013	11,936
30/12/2013	11,936
31/12/2013	11,965
02/01/2014	11,992
03/01/2014	12,035
06/01/2014	12,157
07/01/2014	12,273
08/01/2014	12,412
09/01/2014	12,397
10/01/2014	12,527
13/01/2014	12,578
14/01/2014	12,662
15/01/2014	12,901
16/01/2014	12,824
17/01/2014	12,824
20/01/2014	12,796
21/01/2014	12,792
22/01/2014	12,705
23/01/2014	12,649
24/01/2014	12,325
27/01/2014	12,241
28/01/2014	12,254
29/01/2014	12,245
30/01/2014	12,299
31/01/2014	12,328
03/02/2014	12,351
04/02/2014	12,402
05/02/2014	12,433
06/02/2014	12,621
07/02/2014	12,797
10/02/2014	12,681
11/02/2014	12,86
12/02/2014	12,87
13/02/2014	12,917
14/02/2014	12,908
17/02/2014	12,908
18/02/2014	12,962
19/02/2014	13,103
20/02/2014	13,181
21/02/2014	13,237
24/02/2014	13,281
25/02/2014	13,361
26/02/2014	13,4
27/02/2014	13,483
28/02/2014	13,47
03/03/2014	13,241
04/03/2014	13,473
05/03/2014	13,525
06/03/2014	13,532
07/03/2014	13,436
10/03/2014	13,494
11/03/2014	13,425
12/03/2014	13,373
13/03/2014	13,205
14/03/2014	13,126
17/03/2014	13,321
18/03/2014	13,434
19/03/2014	13,342
20/03/2014	13,359
21/03/2014	13,347
24/03/2014	13,318
25/03/2014	13,358
26/03/2014	13,376
27/03/2014	13,441
28/03/2014	13,534
31/03/2014	13,67
01/04/2014	13,674
02/04/2014	13,654
03/04/2014	13,795
04/04/2014	13,841
07/04/2014	13,825
08/04/2014	13,798
09/04/2014	13,798
10/04/2014	13,756
11/04/2014	13,703
14/04/2014	13,775
15/04/2014	13,668
16/04/2014	13,806
17/04/2014	13,843
21/04/2014	13,843
22/04/2014	13,95
23/04/2014	13,917
24/04/2014	13,915
25/04/2014	13,797
28/04/2014	13,767
29/04/2014	13,896
30/04/2014	13,907
02/05/2014	13,917
05/05/2014	13,913
06/05/2014	13,847
07/05/2014	13,843
08/05/2014	13,968
09/05/2014	13,892
12/05/2014	13,961
13/05/2014	13,98
14/05/2014	14,022
15/05/2014	13,845
16/05/2014	13,893
19/05/2014	13,823
20/05/2014	13,779
21/05/2014	13,858
22/05/2014	13,895
23/05/2014	13,886
26/05/2014	14,006
27/05/2014	14,03
28/05/2014	14,1
29/05/2014	14,075
30/05/2014	14,069
02/06/2014	13,994
03/06/2014	13,96
04/06/2014	13,961
05/06/2014	13,959
06/06/2014	14,03
09/06/2014	14,102
10/06/2014	14,121
11/06/2014	14,025
12/06/2014	14,058
13/06/2014	14,065
16/06/2014	14,023
17/06/2014	14,034
18/06/2014	14,075
19/06/2014	14,063
20/06/2014	14,052
23/06/2014	14,02
24/06/2014	13,985
25/06/2014	13,894
26/06/2014	13,821
27/06/2014	13,807
30/06/2014	13,766
01/07/2014	13,905
02/07/2014	13,903
03/07/2014	14,024
04/07/2014	13,897
07/07/2014	13,766
08/07/2014	13,565
09/07/2014	13,611
10/07/2014	13,339
11/07/2014	13,31
14/07/2014	13,344
15/07/2014	13,319
16/07/2014	13,411
17/07/2014	13,279
18/07/2014	13,335
21/07/2014	13,29
22/07/2014	13,401
23/07/2014	13,417
24/07/2014	13,535
25/07/2014	13,514
28/07/2014	13,489
29/07/2014	13,464
30/07/2014	13,488
31/07/2014	13,307
01/08/2014	13,162
04/08/2014	13,197
05/08/2014	13,005
06/08/2014	12,934
07/08/2014	12,795
08/08/2014	12,842
11/08/2014	12,885
12/08/2014	12,922
13/08/2014	12,978
14/08/2014	13,011
15/08/2014	12,932
18/08/2014	13,061
19/08/2014	13,076
20/08/2014	13,052
21/08/2014	13,166
22/08/2014	13,117
25/08/2014	13,253
26/08/2014	13,351
27/08/2014	13,356
28/08/2014	13,243
29/08/2014	13,294
01/09/2014	13,298
02/09/2014	13,321
03/09/2014	13,501
04/09/2014	13,776
05/09/2014	13,815
08/09/2014	13,691
09/09/2014	13,607
10/09/2014	13,612
11/09/2014	13,504
12/09/2014	13,527
15/09/2014	13,494
16/09/2014	13,486
17/09/2014	13,558
18/09/2014	13,607
19/09/2014	13,635
22/09/2014	13,491
23/09/2014	13,342
24/09/2014	13,427
25/09/2014	13,328
26/09/2014	13,366
29/09/2014	13,208
30/09/2014	13,354
01/10/2014	13,228
02/10/2014	12,939
03/10/2014	13,042
06/10/2014	13,098
07/10/2014	12,921
08/10/2014	12,848
09/10/2014	12,787
10/10/2014	12,581
13/10/2014	12,626
14/10/2014	12,578
15/10/2014	11,945
16/10/2014	11,74
17/10/2014	12,166
20/10/2014	12,111
21/10/2014	12,486
22/10/2014	12,599
23/10/2014	12,754
24/10/2014	12,74
27/10/2014	12,615
28/10/2014	12,892
29/10/2014	12,786
30/10/2014	12,855
31/10/2014	13,194
03/11/2014	13,063
04/11/2014	12,838
05/11/2014	13,043
06/11/2014	13,091
07/11/2014	12,895
10/11/2014	13,11
11/11/2014	13,194
12/11/2014	12,972
13/11/2014	12,95
14/11/2014	12,958
17/11/2014	13,128
18/11/2014	13,27
19/11/2014	13,253
20/11/2014	13,156
21/11/2014	13,647
24/11/2014	13,736
25/11/2014	13,78
26/11/2014	13,77
27/11/2014	13,87
28/11/2014	13,941
01/12/2014	13,838
02/12/2014	13,934
03/12/2014	14,056
04/12/2014	13,802
05/12/2014	14,192
08/12/2014	14,02
09/12/2014	13,639
10/12/2014	13,61
11/12/2014	13,633
12/12/2014	13,484
15/12/2014	13,158
16/12/2014	13,427
17/12/2014	13,458
18/12/2014	13,836
19/12/2014	13,837
22/12/2014	13,878
23/12/2014	13,955
24/12/2014	13,955
29/12/2014	13,903
30/12/2014	13,74
31/12/2014	13,791
02/01/2015	13,802
06/01/2015	13,134
07/01/2015	13,172
08/01/2015	13,736
09/01/2015	13,198
12/01/2015	13,377
13/01/2015	13,65
14/01/2015	13,437
15/01/2015	13,588
16/01/2015	13,732
19/01/2015	13,862
20/01/2015	14,069
21/01/2015	14,182
22/01/2015	14,499
23/01/2015	14,735
26/01/2015	14,882
27/01/2015	14,704
28/01/2015	14,577
29/01/2015	14,7
30/01/2015	14,499
02/02/2015	14,396
03/02/2015	14,462
04/02/2015	14,406
05/02/2015	14,354
06/02/2015	14,435
09/02/2015	14,266
10/02/2015	14,312
11/02/2015	14,217
12/02/2015	14,404
13/02/2015	14,619
16/02/2015	14,622
17/02/2015	14,65
18/02/2015	14,803
19/02/2015	14,934
20/02/2015	14,927
23/02/2015	15,162
24/02/2015	15,278
25/02/2015	15,268
26/02/2015	15,379
27/02/2015	15,353
02/03/2015	15,291
03/03/2015	15,187
04/03/2015	15,283
05/03/2015	15,374
06/03/2015	15,367
09/03/2015	15,316
10/03/2015	15,205
11/03/2015	15,549
12/03/2015	15,511
13/03/2015	15,55
16/03/2015	15,741
17/03/2015	15,682
18/03/2015	15,867
19/03/2015	15,855
20/03/2015	16,164
23/03/2015	16,136
24/03/2015	16,203
25/03/2015	16,055
26/03/2015	15,902
27/03/2015	15,898
30/03/2015	16,018
31/03/2015	15,924
01/04/2015	16,049
02/04/2015	16,051
07/04/2015	16,316
08/04/2015	16,32
09/04/2015	16,42
10/04/2015	16,527
13/04/2015	16,493
14/04/2015	16,474
15/04/2015	16,481
16/04/2015	16,525
17/04/2015	16,262
20/04/2015	16,378
21/04/2015	16,472
22/04/2015	16,395
23/04/2015	16,371
24/04/2015	16,435
27/04/2015	16,663
28/04/2015	16,6
29/04/2015	16,483
30/04/2015	16,611
04/05/2015	16,681
05/05/2015	16,375
06/05/2015	16,386
07/05/2015	16,735
08/05/2015	16,993
11/05/2015	16,96
12/05/2015	16,97
13/05/2015	16,842
14/05/2015	17,135
15/05/2015	16,973
18/05/2015	16,986
19/05/2015	17,308
20/05/2015	17,399
21/05/2015	17,446
22/05/2015	17,381
25/05/2015	17,219
26/05/2015	17,006
27/05/2015	17,189
28/05/2015	17,069
29/05/2015	16,813
01/06/2015	16,797
02/06/2015	16,88
03/06/2015	16,932
04/06/2015	17,09
05/06/2015	16,81
08/06/2015	16,645
09/06/2015	16,577
10/06/2015	16,65
11/06/2015	16,965
12/06/2015	16,922
15/06/2015	16,768
16/06/2015	17,009
17/06/2015	16,858
18/06/2015	17,033
19/06/2015	17,093
22/06/2015	17,812
23/06/2015	17,972
24/06/2015	17,882
25/06/2015	17,9
26/06/2015	17,953
29/06/2015	17,188
30/06/2015	17,071
01/07/2015	17,356
02/07/2015	17,23
03/07/2015	17,112
06/07/2015	16,734
07/07/2015	16,334
08/07/2015	16,475
09/07/2015	17,046
10/07/2015	17,477
13/07/2015	17,866
14/07/2015	17,975
15/07/2015	18,068
16/07/2015	18,379
17/07/2015	18,371
20/07/2015	18,411
21/07/2015	18,224
22/07/2015	18,186
23/07/2015	18,146
24/07/2015	17,892
27/07/2015	17,451
28/07/2015	17,658
29/07/2015	17,793
30/07/2015	17,716
31/07/2015	17,791
03/08/2015	17,964
04/08/2015	17,806
05/08/2015	18,033
06/08/2015	17,981
07/08/2015	17,847
10/08/2015	18,052
11/08/2015	17,716
12/08/2015	17,149
13/08/2015	17,272
14/08/2015	17,195
17/08/2015	17,222
18/08/2015	17,209
19/08/2015	16,968
20/08/2015	16,598
21/08/2015	16,096
24/08/2015	15,753
25/08/2015	15,695
26/08/2015	15,675
27/08/2015	15,648
28/08/2015	15,703
31/08/2015	15,746
01/09/2015	15,769
02/09/2015	15,713
03/09/2015	15,548
04/09/2015	15,466
07/09/2015	15,521
08/09/2015	15,38
09/09/2015	15,547
10/09/2015	15,534
11/09/2015	15,535
13/09/2015	15,534
15/09/2015	15,562
16/09/2015	15,573
17/09/2015	15,593
18/09/2015	15,561
21/09/2015	15,492
22/09/2015	15,585
23/09/2015	15,529
24/09/2015	15,734
25/09/2015	15,511
27/09/2015	15,508
30/09/2015	15,318
01/10/2015	15,332
02/10/2015	15,405
05/10/2015	15,219
06/10/2015	15,182
07/10/2015	15,241
08/10/2015	15,102
09/10/2015	15,095
12/10/2015	15,109
13/10/2015	15,186
14/10/2015	15,262
15/10/2015	15,23
16/10/2015	15,109
19/10/2015	15,044
20/10/2015	15,104
21/10/2015	15,047
22/10/2015	14,835
23/10/2015	14,709
26/10/2015	14,7
27/10/2015	14,748
28/10/2015	14,72
29/10/2015	14,681
30/10/2015	14,63
02/11/2015	14,532
03/11/2015	14,488
04/11/2015	14,431
05/11/2015	14,422
06/11/2015	14,242
09/11/2015	14,284
10/11/2015	14,28
11/11/2015	14,207
12/11/2015	14,279
13/11/2015	14,313
16/11/2015	14,374
17/11/2015	14,29
18/11/2015	14,289
19/11/2015	14,26
20/11/2015	14,269
23/11/2015	14,239
24/11/2015	14,284
25/11/2015	14,263
26/11/2015	14,223
27/11/2015	14,219
30/11/2015	14,189
01/12/2015	14,179
02/12/2015	14,211
03/12/2015	14,312
04/12/2015	14,34
07/12/2015	14,306
08/12/2015	14,417
09/12/2015	14,439
10/12/2015	14,453
11/12/2015	14,67
14/12/2015	14,753
15/12/2015	14,518
16/12/2015	14,478
17/12/2015	14,267
18/12/2015	14,431
21/12/2015	14,507
22/12/2015	14,472
23/12/2015	14,332
24/12/2015	14,337
28/12/2015	14,405
29/12/2015	14,314
30/12/2015	14,332
31/12/2015	14,294
04/01/2016	14,516
06/01/2016	14,613
07/01/2016	14,825
08/01/2016	14,921
11/01/2016	14,992
12/01/2016	14,86
13/01/2016	14,91
14/01/2016	14,951
15/01/2016	15,244
18/01/2016	15,219
19/01/2016	15,332
20/01/2016	15,409
21/01/2016	15,364
22/01/2016	15,292
25/01/2016	15,305
26/01/2016	15,471
27/01/2016	15,471
28/01/2016	15,214
29/01/2016	15,155
01/02/2016	15,167
02/02/2016	15,212
03/02/2016	15,19
04/02/2016	15,215
05/02/2016	15,34
08/02/2016	15,495
09/02/2016	15,284
10/02/2016	15,597
11/02/2016	15,082
12/02/2016	15,519
15/02/2016	15,836
16/02/2016	15,82
17/02/2016	15,79
18/02/2016	15,813
19/02/2016	15,869
22/02/2016	15,678
23/02/2016	15,749
24/02/2016	15,767
25/02/2016	15,73
26/02/2016	15,709
29/02/2016	15,694
01/03/2016	15,656
02/03/2016	15,631
03/03/2016	15,598
04/03/2016	15,582
07/03/2016	15,626
08/03/2016	15,626
09/03/2016	15,6
10/03/2016	15,51
11/03/2016	15,003
14/03/2016	14,915
15/03/2016	14,905
16/03/2016	14,888
17/03/2016	14,883
18/03/2016	14,878
21/03/2016	14,868
22/03/2016	14,868
23/03/2016	14,875
24/03/2016	14,87
29/03/2016	14,854
30/03/2016	14,85
31/03/2016	14,849
01/04/2016	14,847
04/04/2016	14,847
05/04/2016	14,866
06/04/2016	14,88
07/04/2016	14,623
08/04/2016	14,919
11/04/2016	15,029
12/04/2016	15,051
13/04/2016	15,809
14/04/2016	15,983
15/04/2016	15,954
18/04/2016	16,073
19/04/2016	16,282
20/04/2016	16,201
21/04/2016	16,181
22/04/2016	16,175
25/04/2016	16,192
26/04/2016	16,281
27/04/2016	16,34
28/04/2016	16,276
29/04/2016	16,033
02/05/2016	15,988
03/05/2016	15,534
04/05/2016	15,477
05/05/2016	15,384
06/05/2016	15,326
09/05/2016	15,259
10/05/2016	15,321
11/05/2016	15,277
12/05/2016	15,316
13/05/2016	15,3
16/05/2016	15,289
17/05/2016	15,226
18/05/2016	15,443
19/05/2016	15,37
20/05/2016	15,535
23/05/2016	15,484
24/05/2016	15,782
25/05/2016	15,97
26/05/2016	15,934
27/05/2016	15,956
30/05/2016	16,052
31/05/2016	15,853
01/06/2016	15,672
02/06/2016	15,622
03/06/2016	15,28
06/06/2016	15,311
07/06/2016	15,329
08/06/2016	15,183
09/06/2016	14,981
10/06/2016	14,504
13/06/2016	14,304
14/06/2016	13,836
15/06/2016	13,999
16/06/2016	13,788
17/06/2016	14,293
20/06/2016	14,843
21/06/2016	14,911
22/06/2016	15,01
23/06/2016	15,416
24/06/2016	13,301
27/06/2016	12,65
28/06/2016	12,942
29/06/2016	13,137
30/06/2016	13,122
01/07/2016	13,345
04/07/2016	13,292
05/07/2016	12,864
06/07/2016	12,691
07/07/2016	12,832
08/07/2016	13,147
11/07/2016	13,346
12/07/2016	13,966
13/07/2016	13,73
14/07/2016	14,114
15/07/2016	14,196
18/07/2016	14,154
19/07/2016	14,046
20/07/2016	14,238
21/07/2016	14,31
22/07/2016	14,228
25/07/2016	14,043
26/07/2016	14,018
27/07/2016	13,954
28/07/2016	13,696
29/07/2016	13,826
01/08/2016	13,682
02/08/2016	13,497
03/08/2016	13,579
04/08/2016	13,609
05/08/2016	13,967
08/08/2016	14,13
09/08/2016	14,194
10/08/2016	14,15
11/08/2016	14,299
12/08/2016	14,269
15/08/2016	14,364
16/08/2016	14,324
17/08/2016	14,08
18/08/2016	13,981
19/08/2016	13,925
22/08/2016	13,83
23/08/2016	13,95
24/08/2016	14,095
25/08/2016	14,024
26/08/2016	14,077
29/08/2016	14,061
30/08/2016	14,127
31/08/2016	14,298
01/09/2016	14,426
02/09/2016	14,775
05/09/2016	14,738
06/09/2016	14,47
07/09/2016	14,461
08/09/2016	14,783
09/09/2016	14,973
12/09/2016	14,797
13/09/2016	14,624
14/09/2016	14,56
15/09/2016	14,663
16/09/2016	14,406
19/09/2016	14,539
20/09/2016	14,323
21/09/2016	14,625
22/09/2016	14,531
23/09/2016	14,375
26/09/2016	14,056
27/09/2016	13,969
28/09/2016	13,961
29/09/2016	14,029
30/09/2016	14,117
03/10/2016	14,192
04/10/2016	14,295
05/10/2016	14,682
06/10/2016	14,744
07/10/2016	14,739
10/10/2016	14,922
11/10/2016	14,75
12/10/2016	14,819
13/10/2016	14,474
14/10/2016	14,782
17/10/2016	14,793
18/10/2016	14,916
19/10/2016	14,979
20/10/2016	14,99
21/10/2016	15,055
24/10/2016	15,339
25/10/2016	15,279
26/10/2016	15,491
27/10/2016	15,817
28/10/2016	15,675
31/10/2016	15,536
01/11/2016	15,425
02/11/2016	15,064
03/11/2016	15,186
04/11/2016	14,985
07/11/2016	15,255
08/11/2016	15,404
09/11/2016	15,549
10/11/2016	15,862
11/11/2016	15,83
14/11/2016	15,839
15/11/2016	15,832
16/11/2016	15,83
17/11/2016	15,841
18/11/2016	15,837
21/11/2016	15,861
22/11/2016	15,847
23/11/2016	15,855
24/11/2016	15,822
25/11/2016	15,788
28/11/2016	15,631
29/11/2016	15,706
30/11/2016	15,821
01/12/2016	15,923
02/12/2016	15,861
05/12/2016	15,934
06/12/2016	16,167
07/12/2016	16,334
08/12/2016	16,317
09/12/2016	16,306
12/12/2016	16,305
13/12/2016	16,302
14/12/2016	16,291
15/12/2016	16,296
16/12/2016	16,296
19/12/2016	16,32
20/12/2016	16,266
21/12/2016	16,173
22/12/2016	16,157
23/12/2016	16,123
27/12/2016	16,149
28/12/2016	16,148
29/12/2016	16,14
30/12/2016	16,172
02/01/2017	16,264
03/01/2017	16,328
04/01/2017	16,364
06/01/2017	16,401
09/01/2017	16,474
10/01/2017	16,496
11/01/2017	16,418
12/01/2017	16,33
13/01/2017	16,497
15/01/2017	16,497
16/01/2017	16,372
17/01/2017	16,411
18/01/2017	16,431
19/01/2017	16,423
20/01/2017	16,462
23/01/2017	16,321
24/01/2017	16,389
25/01/2017	16,667
26/01/2017	16,606
27/01/2017	16,515
30/01/2017	16,268
31/01/2017	16,163
01/02/2017	16,251
02/02/2017	16,271
03/02/2017	16,309
06/02/2017	16,141
07/02/2017	16,105
08/02/2017	16,068
09/02/2017	16,305
10/02/2017	16,274
13/02/2017	16,46
14/02/2017	16,43
15/02/2017	16,521
16/02/2017	16,445
17/02/2017	16,41
20/02/2017	16,458
21/02/2017	16,578
22/02/2017	16,532
23/02/2017	16,445
24/02/2017	16,479
27/02/2017	16,425
28/02/2017	16,524
01/03/2017	16,885
02/03/2017	16,82
03/03/2017	16,895
06/03/2017	16,781
07/03/2017	16,764
08/03/2017	16,821
09/03/2017	16,944
10/03/2017	17,062
13/03/2017	17,05
14/03/2017	16,974
15/03/2017	16,989
16/03/2017	16,973
17/03/2017	17,014
20/03/2017	16,986
21/03/2017	16,974
22/03/2017	16,956
23/03/2017	16,959
24/03/2017	16,926
27/03/2017	16,903
28/03/2017	17,023
29/03/2017	17,091
30/03/2017	17,172
31/03/2017	17,207
03/04/2017	17,083
04/04/2017	17,097
05/04/2017	17,086
06/04/2017	17,109
07/04/2017	17,25
09/04/2017	17,25
10/04/2017	17,119
11/04/2017	17,089
12/04/2017	17,143
13/04/2017	17,143
18/04/2017	17,108
19/04/2017	17,12
20/04/2017	17,128
21/04/2017	17,111
24/04/2017	17,092
25/04/2017	17,14
26/04/2017	17,076
27/04/2017	16,968
28/04/2017	17,008
02/05/2017	17,021
03/05/2017	17,018
04/05/2017	17,23
05/05/2017	17,384
08/05/2017	17,385
09/05/2017	17,445
10/05/2017	17,385
11/05/2017	17,358
12/05/2017	17,365
14/05/2017	17,364
15/05/2017	17,484
16/05/2017	17,483
17/05/2017	17,2
18/05/2017	17,061
19/05/2017	17,235
22/05/2017	17,293
23/05/2017	17,345
24/05/2017	17,305
25/05/2017	17,267
26/05/2017	17,218
29/05/2017	17,168
30/05/2017	17,137
31/05/2017	17,085
01/06/2017	17,058
02/06/2017	17,048
05/06/2017	17,041
06/06/2017	16,947
07/06/2017	16,724
08/06/2017	16,597
09/06/2017	16,606
12/06/2017	16,547
13/06/2017	16,535
14/06/2017	16,573
16/06/2017	16,643
19/06/2017	16,602
20/06/2017	16,598
21/06/2017	16,563
22/06/2017	16,581
23/06/2017	16,616
26/06/2017	16,563
27/06/2017	16,471
28/06/2017	16,379
29/06/2017	16,246
30/06/2017	16,203
03/07/2017	16,32
04/07/2017	16,276
05/07/2017	16,299
06/07/2017	16,322
07/07/2017	16,321
10/07/2017	16,3
11/07/2017	16,307
12/07/2017	16,319
13/07/2017	16,365
14/07/2017	16,369
17/07/2017	16,329
18/07/2017	16,196
19/07/2017	16,305
20/07/2017	16,227
21/07/2017	15,96
24/07/2017	15,957
25/07/2017	16,114
26/07/2017	16,161
27/07/2017	16,144
28/07/2017	15,961
31/07/2017	15,843
01/08/2017	16,031
02/08/2017	15,867
03/08/2017	15,919
04/08/2017	16,218
07/08/2017	16,197
08/08/2017	16,279
09/08/2017	16,028
10/08/2017	15,765
11/08/2017	15,553
14/08/2017	15,932
15/08/2017	16,004
16/08/2017	16,159
17/08/2017	16,014
18/08/2017	15,892
21/08/2017	15,635
22/08/2017	15,895
23/08/2017	15,749
24/08/2017	15,788
25/08/2017	15,731
28/08/2017	15,623
29/08/2017	15,406
30/08/2017	15,537
31/08/2017	15,702
01/09/2017	15,87
04/09/2017	15,791
05/09/2017	15,723
06/09/2017	15,823
07/09/2017	15,911
08/09/2017	15,88
11/09/2017	16,204
12/09/2017	16,309
13/09/2017	16,398
14/09/2017	16,413
15/09/2017	16,293
18/09/2017	16,342
19/09/2017	16,367
20/09/2017	16,331
21/09/2017	16,409
22/09/2017	16,391
25/09/2017	16,425
26/09/2017	16,411
27/09/2017	16,548
28/09/2017	16,569
29/09/2017	16,637
02/10/2017	16,641
03/10/2017	16,654
04/10/2017	16,634
05/10/2017	16,693
06/10/2017	16,672
09/10/2017	16,708
10/10/2017	16,697
11/10/2017	16,693
13/10/2017	16,712
16/10/2017	16,721
17/10/2017	16,712
18/10/2017	16,729
19/10/2017	16,638
20/10/2017	16,632
23/10/2017	16,609
25/10/2017	16,613
26/10/2017	16,465
27/10/2017	16,426
30/10/2017	16,445
31/10/2017	16,523
02/11/2017	16,61
03/11/2017	16,593
06/11/2017	16,591
07/11/2017	16,413
08/11/2017	16,39
09/11/2017	15,974
10/11/2017	15,987
13/11/2017	15,989
14/11/2017	15,948
15/11/2017	15,911
16/11/2017	15,944
17/11/2017	15,938
20/11/2017	15,921
21/11/2017	15,926
22/11/2017	15,919
23/11/2017	15,905
24/11/2017	15,862
27/11/2017	15,87
28/11/2017	15,857
29/11/2017	15,828
30/11/2017	15,784
01/12/2017	15,808
04/12/2017	15,788
05/12/2017	15,79
06/12/2017	15,827
07/12/2017	15,746
08/12/2017	15,661
11/12/2017	15,635
12/12/2017	15,643
13/12/2017	15,686
14/12/2017	15,726
15/12/2017	15,719
18/12/2017	15,683
19/12/2017	15,738
20/12/2017	15,786
21/12/2017	15,744
22/12/2017	15,806
29/12/2017	15,927
03/01/2018	15,902
04/01/2018	15,81
05/01/2018	15,804
08/01/2018	15,774
09/01/2018	15,808
10/01/2018	15,751
11/01/2018	15,674
12/01/2018	15,612
15/01/2018	15,626
16/01/2018	15,619
17/01/2018	15,596
18/01/2018	15,636
19/01/2018	15,564
22/01/2018	15,464
23/01/2018	15,437
24/01/2018	15,524
25/01/2018	15,487
26/01/2018	15,452
29/01/2018	15,532
30/01/2018	15,604
31/01/2018	15,604
01/02/2018	15,575
02/02/2018	15,763
05/02/2018	16,207
06/02/2018	15,857
07/02/2018	15,872
08/02/2018	16,115
09/02/2018	16,071
12/02/2018	15,942
13/02/2018	15,962
14/02/2018	15,665
15/02/2018	15,529
16/02/2018	15,536
19/02/2018	15,56
20/02/2018	15,583
21/02/2018	15,569
22/02/2018	15,518
23/02/2018	15,46
26/02/2018	15,369
27/02/2018	15,464
28/02/2018	15,597
01/03/2018	15,64
02/03/2018	15,563
05/03/2018	15,497
06/03/2018	15,503
07/03/2018	15,431
08/03/2018	15,393
09/03/2018	15,342
12/03/2018	15,322
13/03/2018	15,372
14/03/2018	15,457
15/03/2018	15,435
16/03/2018	15,364
19/03/2018	15,433
20/03/2018	15,38
21/03/2018	15,448
22/03/2018	15,638
23/03/2018	15,785
24/03/2018	15,784
26/03/2018	15,627
27/03/2018	15,693
28/03/2018	15,711
29/03/2018	15,659
03/04/2018	15,683
04/04/2018	15,613
05/04/2018	15,594
06/04/2018	15,626
09/04/2018	15,614
10/04/2018	15,598
11/04/2018	15,636
12/04/2018	15,636
13/04/2018	15,596
16/04/2018	15,565
17/04/2018	15,533
18/04/2018	15,538
19/04/2018	15,57
20/04/2018	15,594
23/04/2018	15,547
24/04/2018	15,577
25/04/2018	15,578
26/04/2018	15,562
27/04/2018	15,57
30/04/2018	15,619
02/05/2018	15,708
03/05/2018	15,717
04/05/2018	15,703
07/05/2018	15,675
08/05/2018	15,766
09/05/2018	15,711
10/05/2018	15,698
11/05/2018	15,665
14/05/2018	15,62
15/05/2018	15,495
16/05/2018	15,496
17/05/2018	15,462
18/05/2018	15,559
21/05/2018	15,539
22/05/2018	15,556
23/05/2018	15,673
24/05/2018	15,745
25/05/2018	15,838
28/05/2018	15,852
29/05/2018	16,141
30/05/2018	15,942
01/06/2018	15,87
04/06/2018	15,767
05/06/2018	15,78
06/06/2018	15,679
07/06/2018	15,731
08/06/2018	15,73
11/06/2018	15,701
12/06/2018	15,725
13/06/2018	15,712
14/06/2018	15,913
15/06/2018	15,851
17/06/2018	15,851
19/06/2018	15,87
20/06/2018	15,807
21/06/2018	15,838
22/06/2018	15,806
25/06/2018	15,801
26/06/2018	15,821
27/06/2018	15,973
28/06/2018	15,939
29/06/2018	15,861
30/06/2018	15,861
02/07/2018	15,841
03/07/2018	15,917
04/07/2018	15,921
05/07/2018	15,893
06/07/2018	15,854
09/07/2018	15,787
10/07/2018	15,766
11/07/2018	15,789
12/07/2018	15,789
13/07/2018	15,792
16/07/2018	15,712
17/07/2018	15,704
18/07/2018	15,687
19/07/2018	15,725
20/07/2018	15,599
23/07/2018	15,477
24/07/2018	15,506
25/07/2018	15,499
26/07/2018	15,493
27/07/2018	15,519
30/07/2018	15,449
31/07/2018	15,492
01/08/2018	15,419
02/08/2018	15,465
03/08/2018	15,54
06/08/2018	15,54
07/08/2018	15,448
08/08/2018	15,444
09/08/2018	15,557
10/08/2018	15,746
13/08/2018	15,666
14/08/2018	15,666
15/08/2018	15,593
16/08/2018	15,551
17/08/2018	15,545
20/08/2018	15,604
21/08/2018	15,53
22/08/2018	15,529
23/08/2018	15,525
24/08/2018	15,555
27/08/2018	15,487
28/08/2018	15,405
29/08/2018	15,394
30/08/2018	15,43
31/08/2018	15,47
03/09/2018	15,46
04/09/2018	15,349
05/09/2018	15,325
06/09/2018	15,372
07/09/2018	15,336
10/09/2018	15,315
11/09/2018	15,226
12/09/2018	15,263
13/09/2018	15,22
14/09/2018	15,178
17/09/2018	15,152
18/09/2018	15,071
19/09/2018	15,053
20/09/2018	15,002
21/09/2018	14,999
24/09/2018	14,981
26/09/2018	15,021
27/09/2018	15,083
28/09/2018	15,103
01/10/2018	15,061
02/10/2018	15,193
03/10/2018	14,998
04/10/2018	15,049
05/10/2018	15,021
08/10/2018	15,025
09/10/2018	15,085
10/10/2018	15,257
11/10/2018	15,399
12/10/2018	15,346
15/10/2018	15,379
16/10/2018	15,154
17/10/2018	15,2
18/10/2018	15,417
19/10/2018	15,44
22/10/2018	15,396
23/10/2018	15,461
24/10/2018	15,847
25/10/2018	15,698
29/10/2018	15,874
30/10/2018	15,743
31/10/2018	15,759
01/11/2018	15,82
02/11/2018	15,803
05/11/2018	15,769
06/11/2018	15,671
07/11/2018	15,635
08/11/2018	15,63
09/11/2018	15,717
12/11/2018	15,829
13/11/2018	15,75
14/11/2018	15,826
15/11/2018	15,707
16/11/2018	15,72
19/11/2018	15,696
20/11/2018	15,724
21/11/2018	15,689
22/11/2018	15,695
23/11/2018	15,741
26/11/2018	15,554
27/11/2018	15,509
28/11/2018	15,313
29/11/2018	15,32
30/11/2018	15,247
03/12/2018	15,163
04/12/2018	15,568
05/12/2018	15,593
06/12/2018	15,685
07/12/2018	15,951
10/12/2018	15,972
11/12/2018	15,979
12/12/2018	15,996
13/12/2018	15,993
14/12/2018	15,963
17/12/2018	15,943
18/12/2018	15,967
19/12/2018	15,937
20/12/2018	15,97
21/12/2018	16,039
24/12/2018	16,042
26/12/2018	16,04
27/12/2018	16,018
28/12/2018	16,021
30/12/2018	16,019
31/12/2018	16,043
02/01/2019	15,966
03/01/2019	16,132
04/01/2019	15,879
07/01/2019	15,801
08/01/2019	15,7
09/01/2019	15,653
10/01/2019	15,612
11/01/2019	15,63
14/01/2019	15,713
15/01/2019	15,562
16/01/2019	15,556
17/01/2019	15,477
18/01/2019	15,301
21/01/2019	15,291
22/01/2019	15,479
23/01/2019	15,464
24/01/2019	15,459
25/01/2019	15,374
28/01/2019	15,496
29/01/2019	15,577
30/01/2019	15,393
31/01/2019	15,339
01/02/2019	15,342
04/02/2019	15,277
05/02/2019	15,186
06/02/2019	15,194
07/02/2019	15,337
08/02/2019	15,382
11/02/2019	15,341
12/02/2019	15,19
13/02/2019	15,165
14/02/2019	15,167
15/02/2019	15,066
18/02/2019	15,079
19/02/2019	15,122
20/02/2019	15,103
21/02/2019	15,122
22/02/2019	15,076
25/02/2019	15,017
26/02/2019	15,026
27/02/2019	14,987
28/02/2019	14,965
01/03/2019	14,838
04/03/2019	14,815
05/03/2019	14,813
06/03/2019	14,823
07/03/2019	14,884
08/03/2019	14,972
11/03/2019	14,878
12/03/2019	14,887
13/03/2019	14,879
14/03/2019	14,815
15/03/2019	14,789
18/03/2019	14,765
19/03/2019	14,759
20/03/2019	14,779
21/03/2019	14,74
22/03/2019	14,859
25/03/2019	14,899
26/03/2019	14,811
27/03/2019	14,837
28/03/2019	14,719
29/03/2019	14,672
30/03/2019	14,672
31/03/2019	14,671
01/04/2019	14,58
02/04/2019	14,582
03/04/2019	14,515
04/04/2019	14,517
05/04/2019	14,512
06/04/2019	14,511
07/04/2019	14,51
08/04/2019	14,519
11/04/2019	14,509
14/04/2019	14,444
15/04/2019	14,447
16/04/2019	14,385
17/04/2019	14,389
18/04/2019	14,409
19/04/2019	14,407
20/04/2019	14,407
21/04/2019	14,406
22/04/2019	14,385
23/04/2019	14,37
24/04/2019	14,428
25/04/2019	14,434
28/04/2019	14,494
29/04/2019	14,434
30/04/2019	14,449
02/05/2019	14,313
03/05/2019	14,351
06/05/2019	14,345
07/05/2019	14,39
08/05/2019	14,351
09/05/2019	14,361
12/05/2019	14,35
13/05/2019	14,397
14/05/2019	14,413
15/05/2019	14,428
16/05/2019	14,392
19/05/2019	14,357
20/05/2019	14,352
21/05/2019	14,338
22/05/2019	14,327
23/05/2019	14,35
26/05/2019	14,354
27/05/2019	14,359
28/05/2019	14,342
29/05/2019	14,405
30/05/2019	14,391
02/06/2019	14,503
03/06/2019	14,581
04/06/2019	14,564
05/06/2019	14,678
06/06/2019	14,563
07/06/2019	14,524
09/06/2019	14,523
10/06/2019	14,417
11/06/2019	14,387
12/06/2019	14,463
13/06/2019	14,5
16/06/2019	14,559
17/06/2019	14,534
18/06/2019	14,543
19/06/2019	14,506
20/06/2019	14,653
23/06/2019	14,615
24/06/2019	14,659
25/06/2019	14,701
26/06/2019	14,621
27/06/2019	14,573
28/06/2019	14,596
01/07/2019	14,498
02/07/2019	14,562
03/07/2019	14,508
04/07/2019	14,478
07/07/2019	14,45
08/07/2019	14,347
09/07/2019	14,374
10/07/2019	14,42
11/07/2019	14,444
14/07/2019	14,461
15/07/2019	14,478
16/07/2019	14,405
17/07/2019	14,482
18/07/2019	14,63
21/07/2019	14,659
22/07/2019	14,686
23/07/2019	14,685
24/07/2019	14,744
28/07/2019	14,529
29/07/2019	14,537
30/07/2019	14,54
31/07/2019	14,317
01/08/2019	14,399
04/08/2019	14,481
05/08/2019	14,716
06/08/2019	14,727
07/08/2019	14,879
08/08/2019	14,904
11/08/2019	14,834
12/08/2019	14,765
13/08/2019	14,594
15/08/2019	14,753
19/08/2019	14,912
20/08/2019	14,933
21/08/2019	15,062
22/08/2019	15,029
25/08/2019	15,133
26/08/2019	15,215
27/08/2019	15,416
28/08/2019	15,329
29/08/2019	15,422
30/08/2019	15,483
02/09/2019	15,597
03/09/2019	15,653
04/09/2019	15,935
05/09/2019	15,934
10/09/2019	15,773
11/09/2019	15,761
12/09/2019	15,682
15/09/2019	15,932
16/09/2019	15,85
17/09/2019	15,851
18/09/2019	15,646
19/09/2019	15,628
22/09/2019	15,669
23/09/2019	15,619
24/09/2019	15,518
26/09/2019	15,301
29/09/2019	15,261
30/09/2019	15,19
01/10/2019	15,26
02/10/2019	15,424
03/10/2019	15,34
06/10/2019	15,35
07/10/2019	15,357
08/10/2019	15,403
09/10/2019	15,498
10/10/2019	15,622
13/10/2019	15,551
14/10/2019	15,587
15/10/2019	15,562
16/10/2019	15,71
17/10/2019	15,637
20/10/2019	15,736
21/10/2019	15,791
22/10/2019	15,596
23/10/2019	15,475
24/10/2019	15,682
27/10/2019	15,919
28/10/2019	15,946
29/10/2019	15,819
30/10/2019	15,795
31/10/2019	15,417
03/11/2019	15,406
05/11/2019	15,678
06/11/2019	15,644
07/11/2019	15,34
08/11/2019	15,291
11/11/2019	15,177
12/11/2019	15,264
13/11/2019	15,052
14/11/2019	14,944
16/11/2019	14,858
18/11/2019	14,873
19/11/2019	14,902
20/11/2019	14,888
21/11/2019	14,827
24/11/2019	14,698
25/11/2019	14,675
26/11/2019	14,725
27/11/2019	14,582
28/11/2019	14,57
01/12/2019	14,715
02/12/2019	14,889
03/12/2019	14,75
04/12/2019	14,842
05/12/2019	14,913
08/12/2019	14,752
09/12/2019	14,708
10/12/2019	14,784
11/12/2019	14,79
12/12/2019	14,92
13/12/2019	14,821
16/12/2019	14,791
17/12/2019	14,706
18/12/2019	15,02
19/12/2019	15,088
22/12/2019	15,002
23/12/2019	15,347
24/12/2019	15,513
29/12/2019	15,547
30/12/2019	15,952
31/12/2019	15,941
03/01/2020	15,569
06/01/2020	15,469
07/01/2020	15,643
08/01/2020	15,566
09/01/2020	15,523
13/01/2020	15,662
14/01/2020	15,574
15/01/2020	15,544
16/01/2020	15,541
19/01/2020	15,71
21/01/2020	15,548
22/01/2020	15,413
23/01/2020	15,326
26/01/2020	15,366
27/01/2020	15,045
28/01/2020	14,995
29/01/2020	14,878
30/01/2020	14,8
02/02/2020	14,609
03/02/2020	14,466
04/02/2020	14,446
05/02/2020	14,732
06/02/2020	14,856
09/02/2020	14,594
10/02/2020	14,579
12/02/2020	14,572
13/02/2020	14,514
16/02/2020	14,494
17/02/2020	14,497
18/02/2020	14,734
19/02/2020	14,714
20/02/2020	14,566
21/02/2020	14,531
24/02/2020	14,554
25/02/2020	14,163
26/02/2020	14,35
27/02/2020	13,792
28/02/2020	12,831
02/03/2020	12,72
03/03/2020	13,063
04/03/2020	13,101
05/03/2020	13,118
08/03/2020	12,403
09/03/2020	10,965
10/03/2020	10,643
11/03/2020	10,108
12/03/2020	10,493
13/03/2020	11,343
17/03/2020	11,573
18/03/2020	13,904
19/03/2020	15,031
20/03/2020	14,123
23/03/2020	13,977
24/03/2020	15,562
25/03/2020	15,626
26/03/2020	15,661
29/03/2020	14,881
30/03/2020	14,366
31/03/2020	15,209
01/04/2020	14,948
02/04/2020	14,659
05/04/2020	14,391
06/04/2020	14,616
07/04/2020	15,208
08/04/2020	15,077
14/04/2020	14,899
15/04/2020	14,241
16/04/2020	14
19/04/2020	13,833
20/04/2020	14,027
21/04/2020	13,683
22/04/2020	14,3
23/04/2020	14,072
26/04/2020	13,556
27/04/2020	13,618
28/04/2020	13,416
29/04/2020	13,124
03/05/2020	12,39
04/05/2020	12,994
05/05/2020	12,814
06/05/2020	13,409
07/05/2020	13,154
08/05/2020	13,18
11/05/2020	13,283
12/05/2020	13,048
13/05/2020	13,015
14/05/2020	13,085
17/05/2020	13,147
19/05/2020	13,393
20/05/2020	13,251
21/05/2020	13,157
22/05/2020	13,097
25/05/2020	13,043
26/05/2020	13,339
27/05/2020	13,267
28/05/2020	13,458
29/05/2020	13,61
31/05/2020	13,609
01/06/2020	14,31
02/06/2020	14,108
03/06/2020	14,36
04/06/2020	14,93
05/06/2020	15,201
08/06/2020	14,742
09/06/2020	14,51
10/06/2020	14,265
11/06/2020	13,537
14/06/2020	13,65
15/06/2020	13,788
16/06/2020	14,164
17/06/2020	14,243
18/06/2020	13,769
21/06/2020	14,029
22/06/2020	13,943
23/06/2020	14,394
24/06/2020	14,002
25/06/2020	13,725
28/06/2020	13,548
29/06/2020	13,585
30/06/2020	13,843
01/07/2020	14,304
02/07/2020	14,121
03/07/2020	14,223
06/07/2020	14,384
07/07/2020	14,292
08/07/2020	14,054
09/07/2020	13,797
12/07/2020	13,562
13/07/2020	14,107
14/07/2020	13,632
15/07/2020	13,698
16/07/2020	13,567
17/07/2020	13,831
20/07/2020	13,609
21/07/2020	13,573
22/07/2020	13,465
23/07/2020	13,553
26/07/2020	13,61
27/07/2020	13,478
28/07/2020	13,374
29/07/2020	13,53
30/07/2020	13,018
31/07/2020	13,385
03/08/2020	13,536
04/08/2020	13,345
06/08/2020	13,842
09/08/2020	14,021
10/08/2020	13,984
11/08/2020	14,258
12/08/2020	14,34
13/08/2020	14,69
16/08/2020	14,649
17/08/2020	14,646
18/08/2020	14,523
19/08/2020	14,375
20/08/2020	14,141
21/08/2020	14,173
24/08/2020	14,198
25/08/2020	14,807
26/08/2020	15,049
27/08/2020	15,344
28/08/2020	15,603
31/08/2020	15,571
01/09/2020	15,618
02/09/2020	14,939
03/09/2020	14,507
06/09/2020	14,792
07/09/2020	15,008
08/09/2020	14,704
09/09/2020	15,18
10/09/2020	15,285
13/09/2020	14,794
14/09/2020	14,764
15/09/2020	14,671
16/09/2020	14,707
17/09/2020	14,404
20/09/2020	14,446
21/09/2020	13,793
22/09/2020	14,037
23/09/2020	13,929
24/09/2020	13,713
25/09/2020	13,579
28/09/2020	13,758
29/09/2020	13,744
30/09/2020	13,976
01/10/2020	14,128
04/10/2020	14,206
05/10/2020	14,416
06/10/2020	14,501
07/10/2020	14,464
08/10/2020	14,45
13/10/2020	14,281
14/10/2020	14,18
15/10/2020	13,856
18/10/2020	13,973
19/10/2020	14,11
20/10/2020	14,258
21/10/2020	14,364
22/10/2020	14,657
25/10/2020	14,638
26/10/2020	14,458
27/10/2020	14,036
28/10/2020	13,821
29/10/2020	14,142
30/10/2020	14,534
02/11/2020	14,653
03/11/2020	14,872
04/11/2020	14,423
05/11/2020	14,688
08/11/2020	15,07
09/11/2020	15,591
10/11/2020	15,835
11/11/2020	15,732
12/11/2020	15,283
15/11/2020	15,276
16/11/2020	15,26
17/11/2020	14,959
18/11/2020	14,949
19/11/2020	14,732
22/11/2020	14,732
23/11/2020	14,687
24/11/2020	14,712
25/11/2020	14,686
26/11/2020	14,597
29/11/2020	14,37
30/11/2020	14,423
01/12/2020	14,942
02/12/2020	15,133
03/12/2020	14,977
04/12/2020	15,355
07/12/2020	15,192
08/12/2020	14,971
10/12/2020	14,93
13/12/2020	14,403
14/12/2020	14,485
15/12/2020	14,691
16/12/2020	14,987
17/12/2020	15,038
20/12/2020	15,108
21/12/2020	15,03
22/12/2020	15,174
23/12/2020	15,578
24/12/2020	15,528
28/12/2020	15,562
30/12/2020	15,423
31/12/2020	15,447
04/01/2021	15,527
05/01/2021	15,804
07/01/2021	16,439
08/01/2021	16,378
11/01/2021	16,594
12/01/2021	16,974
13/01/2021	16,229
14/01/2021	16,201
17/01/2021	16,266
18/01/2021	16,387
19/01/2021	16,166
20/01/2021	16,281
21/01/2021	16,618
24/01/2021	16,485
25/01/2021	16,171
26/01/2021	16,366
27/01/2021	16,404
28/01/2021	16,638
31/01/2021	17,283
01/02/2021	17,251
02/02/2021	17,379
03/02/2021	17,753
04/02/2021	17,934
07/02/2021	18,127
08/02/2021	18,243
09/02/2021	18,085
10/02/2021	18,148
11/02/2021	17,997
14/02/2021	18,494
15/02/2021	18,663
16/02/2021	19,597
17/02/2021	19,353
18/02/2021	19,406
21/02/2021	19,916
22/02/2021	20,073
23/02/2021	20,2
24/02/2021	20,286
25/02/2021	20,612
26/02/2021	20,483
01/03/2021	19,94
02/03/2021	20,018
03/03/2021	20,452
04/03/2021	20,511
05/03/2021	20,826
08/03/2021	20,915
09/03/2021	20,484
10/03/2021	20,356
11/03/2021	20,24
12/03/2021	20,884
15/03/2021	20,69
16/03/2021	20,658
17/03/2021	21,19
18/03/2021	21,754
19/03/2021	21,674
23/03/2021	21,153
24/03/2021	21,042
25/03/2021	20,788
26/03/2021	20,843
29/03/2021	20,924
30/03/2021	20,768
31/03/2021	20,837
01/04/2021	20,902
02/04/2021	20,904
03/04/2021	20,903
04/04/2021	20,902
05/04/2021	20,901
06/04/2021	20,948
07/04/2021	20,888
08/04/2021	20,93
11/04/2021	20,954
12/04/2021	20,907
13/04/2021	20,92
14/04/2021	20,902
15/04/2021	20,986
16/04/2021	20,947
19/04/2021	20,89
20/04/2021	21,069
21/04/2021	21,076
22/04/2021	20,972
23/04/2021	20,962
26/04/2021	20,879
27/04/2021	20,851
28/04/2021	20,772
29/04/2021	20,853
30/04/2021	20,797
02/05/2021	20,795
03/05/2021	20,927
04/05/2021	20,865
05/05/2021	20,373
06/05/2021	20,895
07/05/2021	20,874
08/05/2021	20,874
09/05/2021	20,874
10/05/2021	20,844
11/05/2021	20,996
12/05/2021	20,914
13/05/2021	20,782
14/05/2021	20,706
16/05/2021	20,705
17/05/2021	20,856
18/05/2021	20,797
19/05/2021	20,809
20/05/2021	20,812
21/05/2021	20,659
24/05/2021	20,63
25/05/2021	20,596
26/05/2021	20,562
27/05/2021	20,541
28/05/2021	20,525
29/05/2021	20,498
30/05/2021	20,497
31/05/2021	20,559
01/06/2021	20,547
02/06/2021	20,527
03/06/2021	20,483
04/06/2021	20,532
05/06/2021	20,5
06/06/2021	20,499
07/06/2021	20,368
08/06/2021	20,311
09/06/2021	20,27
10/06/2021	20,348
11/06/2021	20,321
12/06/2021	20,283
13/06/2021	20,282
14/06/2021	20,32
15/06/2021	20,314
16/06/2021	20,345
17/06/2021	20,096
18/06/2021	19,993
19/06/2021	19,95
20/06/2021	19,949
21/06/2021	20,054
22/06/2021	19,971
23/06/2021	20,021
24/06/2021	20,011
25/06/2021	20,034
26/06/2021	19,986
27/06/2021	19,985
28/06/2021	20,033
29/06/2021	20,046
30/06/2021	20,1
01/07/2021	20,139
02/07/2021	20,145
03/07/2021	20,09
04/07/2021	20,089
05/07/2021	20,17
06/07/2021	20,444
07/07/2021	20,073
08/07/2021	19,882
09/07/2021	20,102
12/07/2021	20,065
13/07/2021	20,114
14/07/2021	20,069
15/07/2021	19,97
16/07/2021	19,841
19/07/2021	19,524
20/07/2021	19,315
21/07/2021	19,579
22/07/2021	19,513
23/07/2021	19,533
25/07/2021	19,533
26/07/2021	19,521
27/07/2021	19,464
28/07/2021	19,525
29/07/2021	19,46
30/07/2021	19,406
31/07/2021	19,388
02/08/2021	19,259
03/08/2021	19,159
04/08/2021	19,055
05/08/2021	18,844
06/08/2021	19,089
09/08/2021	18,91
10/08/2021	18,854
11/08/2021	18,904
12/08/2021	18,883
13/08/2021	18,861
16/08/2021	18,875
17/08/2021	18,937
18/08/2021	18,867
19/08/2021	18,793
20/08/2021	18,754
23/08/2021	18,868
24/08/2021	18,901
25/08/2021	19,169
26/08/2021	19,181
27/08/2021	19,252
30/08/2021	19,285
31/08/2021	19,417
01/09/2021	19,5
02/09/2021	19,48
03/09/2021	19,661
06/09/2021	19,622
07/09/2021	19,739
08/09/2021	19,649
09/09/2021	19,497
10/09/2021	19,599
13/09/2021	19,63
14/09/2021	19,616
16/09/2021	19,744
17/09/2021	19,787
20/09/2021	19,666
21/09/2021	19,685
23/09/2021	19,717
24/09/2021	19,893
27/09/2021	19,974
28/09/2021	20,21
29/09/2021	20,083
01/10/2021	20,304
05/10/2021	20,48
06/10/2021	20,545
07/10/2021	20,481
08/10/2021	20,664
11/10/2021	20,839
12/10/2021	20,885
13/10/2021	20,582
14/10/2021	20,636
15/10/2021	20,372
18/10/2021	20,152
19/10/2021	20,267
20/10/2021	20,326
21/10/2021	20,175
22/10/2021	20,024
25/10/2021	20,135
26/10/2021	20,08
27/10/2021	19,374
28/10/2021	19,438
29/10/2021	19,206
01/11/2021	19,21
02/11/2021	19,212
03/11/2021	19,358
04/11/2021	19,492
05/11/2021	19,017
08/11/2021	19,35
09/11/2021	18,709
10/11/2021	19,26
11/11/2021	19,682
16/11/2021	19,869
17/11/2021	19,842
18/11/2021	19,327
19/11/2021	19,002
22/11/2021	19,15
23/11/2021	19,586
24/11/2021	19,896
25/11/2021	19,388
26/11/2021	19,351
30/11/2021	18,914
01/12/2021	18,682
02/12/2021	18,554
03/12/2021	18,586
06/12/2021	18,512
07/12/2021	18,218
08/12/2021	18,658
09/12/2021	18,513
13/12/2021	18,459
14/12/2021	18,545
15/12/2021	18,688
17/12/2021	18,854
20/12/2021	19,11
21/12/2021	19,844
22/12/2021	19,88
23/12/2021	20,374
27/12/2021	20,376
28/12/2021	20,367
29/12/2021	20,644
30/12/2021	20,677
31/12/2021	20,454
04/01/2022	20,877
05/01/2022	20,352
06/01/2022	20,521
07/01/2022	20,442
10/01/2022	20,342
11/01/2022	20,606
12/01/2022	20,383
13/01/2022	20,112
14/01/2022	20,422
17/01/2022	20,314
18/01/2022	20,415
19/01/2022	20,569
20/01/2022	20,302
21/01/2022	20,117
24/01/2022	20,132
25/01/2022	20,285
26/01/2022	20,399
27/01/2022	20,066
28/01/2022	19,985
31/01/2022	20,208
01/02/2022	20,359
02/02/2022	20,225
03/02/2022	20,316
04/02/2022	20,202
07/02/2022	20,896
08/02/2022	21,438
09/02/2022	20,972
10/02/2022	21,487
11/02/2022	21,983
14/02/2022	22,158
16/02/2022	22,053
17/02/2022	21,97
18/02/2022	22,087
21/02/2022	22,234
22/02/2022	22,685
23/02/2022	22,328
24/02/2022	22,162
25/02/2022	22,469
28/02/2022	22,341
01/03/2022	21,478
02/03/2022	21,509
03/03/2022	21,328
	
 	
