Date;Close
06/04/2010;10
07/04/2010;10
08/04/2010;9,999
09/04/2010;9,998
10/04/2010;9,997
11/04/2010;9,997
12/04/2010;9,996
13/04/2010;9,995
14/04/2010;9,994
15/04/2010;9,994
16/04/2010;9,993
17/04/2010;9,992
18/04/2010;9,991
19/04/2010;9,99
20/04/2010;9,99
21/04/2010;9,989
22/04/2010;9,988
23/04/2010;9,987
24/04/2010;9,987
25/04/2010;9,986
26/04/2010;9,985
27/04/2010;9,984
28/04/2010;9,983
29/04/2010;9,983
30/04/2010;9,982
01/05/2010;9,981
02/05/2010;9,98
03/05/2010;9,98
04/05/2010;9,982
05/05/2010;9,951
06/05/2010;9,924
07/05/2010;9,918
08/05/2010;9,918
09/05/2010;9,917
10/05/2010;9,979
11/05/2010;9,975
12/05/2010;9,974
13/05/2010;9,959
14/05/2010;9,941
15/05/2010;9,941
16/05/2010;9,94
17/05/2010;9,937
18/05/2010;9,933
19/05/2010;9,921
20/05/2010;9,922
21/05/2010;9,922
22/05/2010;9,922
23/05/2010;9,921
24/05/2010;9,92
25/05/2010;9,917
26/05/2010;9,927
27/05/2010;9,921
28/05/2010;9,92
29/05/2010;9,919
30/05/2010;9,919
31/05/2010;9,921
01/06/2010;9,928
02/06/2010;9,932
03/06/2010;9,935
04/06/2010;9,934
05/06/2010;9,934
06/06/2010;9,934
07/06/2010;9,931
08/06/2010;9,927
09/06/2010;9,926
10/06/2010;9,93
11/06/2010;9,939
12/06/2010;9,938
13/06/2010;9,938
14/06/2010;9,935
15/06/2010;9,946
16/06/2010;9,943
17/06/2010;9,944
18/06/2010;9,948
19/06/2010;9,949
20/06/2010;9,949
21/06/2010;9,958
22/06/2010;9,952
23/06/2010;9,954
24/06/2010;9,96
25/06/2010;9,954
26/06/2010;9,954
27/06/2010;9,954
28/06/2010;9,95
29/06/2010;9,945
30/06/2010;9,951
01/07/2010;9,954
02/07/2010;9,964
03/07/2010;9,964
04/07/2010;9,965
05/07/2010;9,97
06/07/2010;9,983
07/07/2010;9,996
08/07/2010;10,004
09/07/2010;10,008
12/07/2010;10,011
13/07/2010;10,02
14/07/2010;10,025
15/07/2010;10,034
16/07/2010;10,042
19/07/2010;10,046
20/07/2010;10,049
21/07/2010;10,057
22/07/2010;10,073
23/07/2010;10,086
26/07/2010;10,112
27/07/2010;10,123
28/07/2010;10,129
29/07/2010;10,146
30/07/2010;10,142
02/08/2010;10,157
03/08/2010;10,154
04/08/2010;10,168
05/08/2010;10,181
06/08/2010;10,181
09/08/2010;10,181
10/08/2010;10,178
11/08/2010;10,17
12/08/2010;10,164
13/08/2010;10,163
16/08/2010;10,176
17/08/2010;10,189
18/08/2010;10,198
19/08/2010;10,204
20/08/2010;10,211
23/08/2010;10,216
24/08/2010;10,217
25/08/2010;10,211
26/08/2010;10,211
27/08/2010;10,207
30/08/2010;10,211
31/08/2010;10,213
01/09/2010;10,215
02/09/2010;10,228
03/09/2010;10,253
06/09/2010;10,254
07/09/2010;10,246
08/09/2010;10,249
09/09/2010;10,257
10/09/2010;10,266
13/09/2010;10,273
14/09/2010;10,273
15/09/2010;10,278
16/09/2010;10,286
17/09/2010;10,289
20/09/2010;10,296
21/09/2010;10,294
22/09/2010;10,294
23/09/2010;10,304
24/09/2010;10,297
27/09/2010;10,301
28/09/2010;10,301
29/09/2010;10,298
30/09/2010;10,305
01/10/2010;10,314
04/10/2010;10,319
05/10/2010;10,313
06/10/2010;10,339
07/10/2010;10,339
08/10/2010;10,346
11/10/2010;10,359
12/10/2010;10,363
13/10/2010;10,372
14/10/2010;10,379
15/10/2010;10,384
18/10/2010;10,377
19/10/2010;10,387
20/10/2010;10,382
21/10/2010;10,387
22/10/2010;10,394
25/10/2010;10,405
26/10/2010;10,412
27/10/2010;10,415
28/10/2010;10,406
29/10/2010;10,408
01/11/2010;10,413
02/11/2010;10,412
03/11/2010;10,415
04/11/2010;10,422
05/11/2010;10,421
08/11/2010;10,412
09/11/2010;10,405
10/11/2010;10,406
11/11/2010;10,407
12/11/2010;10,395
15/11/2010;10,399
16/11/2010;10,399
17/11/2010;10,415
18/11/2010;10,419
19/11/2010;10,415
22/11/2010;10,413
23/11/2010;10,413
24/11/2010;10,406
25/11/2010;10,39
26/11/2010;10,349
29/11/2010;10,318
30/11/2010;10,318
01/12/2010;10,27
02/12/2010;10,294
03/12/2010;10,34
06/12/2010;10,348
07/12/2010;10,352
08/12/2010;10,339
09/12/2010;10,336
10/12/2010;10,314
13/12/2010;10,308
14/12/2010;10,313
15/12/2010;10,307
16/12/2010;10,323
17/12/2010;10,324
20/12/2010;10,334
21/12/2010;10,328
22/12/2010;10,324
23/12/2010;10,326
24/12/2010;10,327
27/12/2010;10,34
28/12/2010;10,346
29/12/2010;10,353
30/12/2010;10,356
31/12/2010;10,312
03/01/2011;10,323
04/01/2011;10,339
05/01/2011;10,342
06/01/2011;10,337
07/01/2011;10,317
10/01/2011;10,305
11/01/2011;10,318
12/01/2011;10,335
13/01/2011;10,366
14/01/2011;10,37
17/01/2011;10,375
18/01/2011;10,373
19/01/2011;10,366
20/01/2011;10,383
21/01/2011;10,401
24/01/2011;10,423
25/01/2011;10,436
26/01/2011;10,433
27/01/2011;10,427
28/01/2011;10,432
31/01/2011;10,431
01/02/2011;10,482
02/02/2011;10,504
03/02/2011;10,528
04/02/2011;10,541
07/02/2011;10,549
08/02/2011;10,551
09/02/2011;10,565
10/02/2011;10,568
11/02/2011;10,581
14/02/2011;10,577
15/02/2011;10,578
16/02/2011;10,579
17/02/2011;10,595
18/02/2011;10,598
21/02/2011;10,591
22/02/2011;10,593
23/02/2011;10,595
24/02/2011;10,602
25/02/2011;10,606
28/02/2011;10,606
01/03/2011;10,606
02/03/2011;10,599
03/03/2011;10,595
04/03/2011;10,594
07/03/2011;10,598
08/03/2011;10,601
09/03/2011;10,61
10/03/2011;10,615
11/03/2011;10,61
14/03/2011;10,617
15/03/2011;10,607
16/03/2011;10,606
17/03/2011;10,62
18/03/2011;10,627
21/03/2011;10,645
22/03/2011;10,647
23/03/2011;10,655
24/03/2011;10,671
25/03/2011;10,672
28/03/2011;10,681
29/03/2011;10,68
30/03/2011;10,689
31/03/2011;10,688
01/04/2011;10,696
04/04/2011;10,708
05/04/2011;10,709
06/04/2011;10,728
07/04/2011;10,737
08/04/2011;10,726
11/04/2011;10,73
12/04/2011;10,748
13/04/2011;10,742
14/04/2011;10,735
15/04/2011;10,744
18/04/2011;10,747
19/04/2011;10,732
20/04/2011;10,737
21/04/2011;10,752
25/04/2011;10,754
26/04/2011;10,752
27/04/2011;10,743
28/04/2011;10,756
29/04/2011;10,747
02/05/2011;10,754
03/05/2011;10,753
04/05/2011;10,744
05/05/2011;10,75
06/05/2011;10,747
09/05/2011;10,725
10/05/2011;10,736
11/05/2011;10,75
12/05/2011;10,745
13/05/2011;10,744
16/05/2011;10,75
17/05/2011;10,752
18/05/2011;10,759
19/05/2011;10,77
20/05/2011;10,758
23/05/2011;10,742
24/05/2011;10,744
25/05/2011;10,741
26/05/2011;10,731
27/05/2011;10,728
30/05/2011;10,734
31/05/2011;10,761
01/06/2011;10,75
02/06/2011;10,746
03/06/2011;10,759
06/06/2011;10,75
07/06/2011;10,769
08/06/2011;10,755
09/06/2011;10,754
10/06/2011;10,722
13/06/2011;10,711
14/06/2011;10,733
15/06/2011;10,701
16/06/2011;10,668
17/06/2011;10,69
20/06/2011;10,691
21/06/2011;10,72
22/06/2011;10,714
23/06/2011;10,679
24/06/2011;10,626
27/06/2011;10,653
28/06/2011;10,668
29/06/2011;10,71
30/06/2011;10,745
01/07/2011;10,758
04/07/2011;10,764
05/07/2011;10,764
06/07/2011;10,732
07/07/2011;10,736
08/07/2011;10,689
11/07/2011;10,564
12/07/2011;10,522
13/07/2011;10,552
14/07/2011;10,544
15/07/2011;10,507
18/07/2011;10,481
19/07/2011;10,492
20/07/2011;10,537
21/07/2011;10,625
22/07/2011;10,628
25/07/2011;10,588
26/07/2011;10,586
27/07/2011;10,553
28/07/2011;10,564
29/07/2011;10,493
01/08/2011;10,463
02/08/2011;10,387
03/08/2011;10,398
04/08/2011;10,329
05/08/2011;10,387
08/08/2011;10,317
09/08/2011;10,287
10/08/2011;10,234
11/08/2011;10,22
12/08/2011;10,234
15/08/2011;10,268
16/08/2011;10,23
17/08/2011;10,218
18/08/2011;10,142
19/08/2011;10,104
22/08/2011;10,118
23/08/2011;10,103
24/08/2011;10,124
25/08/2011;10,107
26/08/2011;10,078
29/08/2011;10,123
30/08/2011;10,1
31/08/2011;10,146
01/09/2011;10,115
02/09/2011;10,044
05/09/2011;9,942
06/09/2011;9,933
07/09/2011;9,94
08/09/2011;9,923
09/09/2011;9,828
12/09/2011;9,679
13/09/2011;9,663
14/09/2011;9,726
15/09/2011;9,81
16/09/2011;9,816
19/09/2011;9,718
20/09/2011;9,685
21/09/2011;9,674
22/09/2011;9,612
23/09/2011;9,63
26/09/2011;9,666
27/09/2011;9,773
28/09/2011;9,783
29/09/2011;9,786
30/09/2011;9,743
03/10/2011;9,67
04/10/2011;9,625
05/10/2011;9,661
06/10/2011;9,699
07/10/2011;9,734
10/10/2011;9,833
11/10/2011;9,851
12/10/2011;9,921
13/10/2011;9,904
14/10/2011;9,934
17/10/2011;9,901
18/10/2011;9,899
19/10/2011;9,896
20/10/2011;9,873
21/10/2011;9,924
24/10/2011;9,97
25/10/2011;9,967
26/10/2011;9,973
27/10/2011;10,123
28/10/2011;10,154
31/10/2011;10,015
01/11/2011;9,863
02/11/2011;9,882
03/11/2011;9,927
04/11/2011;9,877
07/11/2011;9,863
08/11/2011;9,906
09/11/2011;9,756
10/11/2011;9,78
11/11/2011;9,854
14/11/2011;9,812
15/11/2011;9,773
16/11/2011;9,744
17/11/2011;9,734
18/11/2011;9,834
21/11/2011;9,792
22/11/2011;9,523
23/11/2011;9,458
24/11/2011;9,44
25/11/2011;9,537
28/11/2011;9,586
29/11/2011;9,543
30/11/2011;9,535
01/12/2011;9,49
02/12/2011;9,485
05/12/2011;9,562
06/12/2011;9,609
07/12/2011;9,577
08/12/2011;9,509
09/12/2011;9,582
12/12/2011;9,521
13/12/2011;9,504
14/12/2011;9,485
15/12/2011;9,472
16/12/2011;9,432
19/12/2011;9,459
20/12/2011;9,498
21/12/2011;9,471
22/12/2011;9,443
23/12/2011;9,444
27/12/2011;9,432
28/12/2011;9,406
29/12/2011;9,384
30/12/2011;9,383
02/01/2012;9,442
03/01/2012;9,508
04/01/2012;9,556
06/01/2012;9,466
09/01/2012;9,465
10/01/2012;9,555
11/01/2012;9,555
12/01/2012;9,593
13/01/2012;9,569
16/01/2012;9,564
17/01/2012;9,597
18/01/2012;9,592
19/01/2012;9,636
20/01/2012;9,712
23/01/2012;9,721
24/01/2012;9,743
25/01/2012;9,748
26/01/2012;9,737
27/01/2012;9,752
30/01/2012;9,707
31/01/2012;9,704
01/02/2012;9,776
02/02/2012;9,8
03/02/2012;9,896
06/02/2012;9,895
07/02/2012;9,962
08/02/2012;10,068
09/02/2012;10,104
10/02/2012;10,014
13/02/2012;10,015
14/02/2012;10,018
15/02/2012;9,989
16/02/2012;9,991
17/02/2012;10,015
20/02/2012;10,07
21/02/2012;10,091
22/02/2012;10,027
23/02/2012;10,032
24/02/2012;10,039
27/02/2012;10,047
28/02/2012;10,031
29/02/2012;10,104
01/03/2012;10,137
02/03/2012;10,116
05/03/2012;10,127
06/03/2012;10,075
07/03/2012;10,092
08/03/2012;10,1
09/03/2012;10,102
12/03/2012;10,083
13/03/2012;10,176
14/03/2012;10,257
15/03/2012;10,285
16/03/2012;10,379
19/03/2012;10,437
20/03/2012;10,414
21/03/2012;10,369
22/03/2012;10,307
23/03/2012;10,29
26/03/2012;10,303
27/03/2012;10,268
28/03/2012;10,254
29/03/2012;10,208
30/03/2012;10,221
02/04/2012;10,21
03/04/2012;10,214
04/04/2012;10,12
05/04/2012;10,055
10/04/2012;9,98
11/04/2012;10,013
12/04/2012;10,002
13/04/2012;9,937
16/04/2012;9,949
17/04/2012;9,971
18/04/2012;9,938
19/04/2012;9,883
20/04/2012;9,878
23/04/2012;9,835
24/04/2012;9,89
25/04/2012;9,937
26/04/2012;9,902
27/04/2012;9,888
30/04/2012;9,871
02/05/2012;9,833
03/05/2012;9,827
04/05/2012;9,808
07/05/2012;9,819
08/05/2012;9,81
09/05/2012;9,773
10/05/2012;9,766
11/05/2012;9,744
14/05/2012;9,667
15/05/2012;9,622
16/05/2012;9,59
17/05/2012;9,499
18/05/2012;9,478
21/05/2012;9,49
22/05/2012;9,507
23/05/2012;9,453
24/05/2012;9,444
25/05/2012;9,417
28/05/2012;9,389
29/05/2012;9,39
30/05/2012;9,24
31/05/2012;9,201
01/06/2012;9,13
04/06/2012;9,164
05/06/2012;9,164
06/06/2012;9,251
07/06/2012;9,307
08/06/2012;9,293
11/06/2012;9,283
12/06/2012;9,383
13/06/2012;9,384
14/06/2012;9,394
15/06/2012;9,352
18/06/2012;9,284
19/06/2012;9,348
20/06/2012;9,399
21/06/2012;9,338
22/06/2012;9,401
25/06/2012;9,276
26/06/2012;9,254
27/06/2012;9,26
28/06/2012;9,24
29/06/2012;9,386
02/07/2012;9,391
03/07/2012;9,464
04/07/2012;9,405
05/07/2012;9,356
06/07/2012;9,269
09/07/2012;9,24
10/07/2012;9,235
11/07/2012;9,23
12/07/2012;9,197
13/07/2012;9,206
16/07/2012;9,179
17/07/2012;9,183
18/07/2012;9,177
19/07/2012;9,185
20/07/2012;9,124
23/07/2012;9,078
24/07/2012;9,055
25/07/2012;9,04
26/07/2012;9,094
27/07/2012;9,167
30/07/2012;9,186
31/07/2012;9,18
01/08/2012;9,248
02/08/2012;9,176
03/08/2012;9,286
06/08/2012;9,349
07/08/2012;9,406
08/08/2012;9,393
09/08/2012;9,399
10/08/2012;9,37
13/08/2012;9,369
14/08/2012;9,416
15/08/2012;9,472
16/08/2012;9,49
17/08/2012;9,492
20/08/2012;9,525
21/08/2012;9,577
22/08/2012;9,511
23/08/2012;9,432
24/08/2012;9,412
27/08/2012;9,427
28/08/2012;9,411
29/08/2012;9,413
30/08/2012;9,401
31/08/2012;9,429
03/09/2012;9,468
04/09/2012;9,509
05/09/2012;9,563
06/09/2012;9,686
07/09/2012;10,236
10/09/2012;9,918
11/09/2012;9,793
12/09/2012;9,867
13/09/2012;9,855
14/09/2012;9,974
17/09/2012;9,968
18/09/2012;9,939
19/09/2012;9,954
20/09/2012;9,918
21/09/2012;9,938
24/09/2012;9,928
25/09/2012;9,954
26/09/2012;9,897
27/09/2012;9,898
28/09/2012;9,878
01/10/2012;9,894
02/10/2012;9,909
03/10/2012;9,925
04/10/2012;9,934
05/10/2012;9,96
08/10/2012;9,967
09/10/2012;9,958
10/10/2012;9,949
11/10/2012;9,947
12/10/2012;9,948
15/10/2012;9,954
16/10/2012;10,003
17/10/2012;10,08
18/10/2012;10,094
19/10/2012;10,09
22/10/2012;10,092
23/10/2012;10,089
24/10/2012;10,095
25/10/2012;10,094
26/10/2012;10,083
29/10/2012;10,081
30/10/2012;10,082
31/10/2012;10,097
01/11/2012;10,103
02/11/2012;10,105
05/11/2012;10,098
06/11/2012;10,107
07/11/2012;10,111
08/11/2012;10,105
09/11/2012;10,092
12/11/2012;10,088
13/11/2012;10,087
14/11/2012;10,107
15/11/2012;10,096
16/11/2012;10,082
19/11/2012;10,112
20/11/2012;10,161
21/11/2012;10,179
22/11/2012;10,194
23/11/2012;10,18
26/11/2012;10,133
27/11/2012;10,137
28/11/2012;10,11
29/11/2012;10,196
30/11/2012;10,222
03/12/2012;10,236
04/12/2012;10,233
05/12/2012;10,208
06/12/2012;10,217
07/12/2012;10,2
10/12/2012;10,219
11/12/2012;10,238
12/12/2012;10,249
13/12/2012;10,262
14/12/2012;10,275
17/12/2012;10,299
18/12/2012;10,339
19/12/2012;10,334
20/12/2012;10,343
21/12/2012;10,342
24/12/2012;10,352
26/12/2012;10,353
27/12/2012;10,343
28/12/2012;10,358
31/12/2012;10,354
02/01/2013;10,419
03/01/2013;10,456
04/01/2013;10,471
07/01/2013;10,491
08/01/2013;10,537
09/01/2013;10,591
10/01/2013;10,619
11/01/2013;10,633
14/01/2013;10,629
15/01/2013;10,625
16/01/2013;10,623
17/01/2013;10,65
18/01/2013;10,631
21/01/2013;10,65
22/01/2013;10,643
23/01/2013;10,652
24/01/2013;10,673
25/01/2013;10,696
28/01/2013;10,711
29/01/2013;10,72
30/01/2013;10,722
31/01/2013;10,706
01/02/2013;10,695
04/02/2013;10,669
05/02/2013;10,68
06/02/2013;10,672
07/02/2013;10,667
08/02/2013;10,664
11/02/2013;10,662
12/02/2013;10,68
13/02/2013;10,703
14/02/2013;10,69
15/02/2013;10,698
18/02/2013;10,691
19/02/2013;10,7
20/02/2013;10,715
21/02/2013;10,696
22/02/2013;10,703
25/02/2013;10,711
26/02/2013;10,67
27/02/2013;10,673
28/02/2013;10,666
01/03/2013;10,411
04/03/2013;10,447
05/03/2013;10,577
06/03/2013;10,605
07/03/2013;10,625
08/03/2013;10,65
11/03/2013;10,627
12/03/2013;10,542
13/03/2013;10,549
14/03/2013;10,584
18/03/2013;10,55
19/03/2013;10,528
20/03/2013;10,548
21/03/2013;10,542
22/03/2013;10,546
25/03/2013;10,547
26/03/2013;10,542
27/03/2013;10,494
28/03/2013;10,498
02/04/2013;10,501
03/04/2013;10,489
04/04/2013;10,448
05/04/2013;10,408
08/04/2013;10,391
09/04/2013;10,407
10/04/2013;10,456
11/04/2013;10,455
12/04/2013;10,438
15/04/2013;10,43
16/04/2013;10,433
17/04/2013;10,409
18/04/2013;10,411
19/04/2013;10,424
22/04/2013;10,419
23/04/2013;10,441
24/04/2013;10,451
25/04/2013;10,454
26/04/2013;10,443
29/04/2013;10,46
30/04/2013;10,452
02/05/2013;10,445
03/05/2013;10,479
06/05/2013;10,472
07/05/2013;10,492
08/05/2013;10,485
09/05/2013;10,488
10/05/2013;10,524
13/05/2013;10,51
14/05/2013;10,509
15/05/2013;10,508
16/05/2013;10,495
17/05/2013;10,495
20/05/2013;10,499
21/05/2013;10,513
22/05/2013;10,508
23/05/2013;10,503
24/05/2013;10,501
27/05/2013;10,509
28/05/2013;10,531
29/05/2013;10,532
30/05/2013;10,531
31/05/2013;10,512
03/06/2013;10,501
04/06/2013;10,502
05/06/2013;10,478
06/06/2013;10,467
07/06/2013;10,476
10/06/2013;10,483
11/06/2013;10,468
12/06/2013;10,475
13/06/2013;10,449
14/06/2013;10,437
17/06/2013;10,444
18/06/2013;10,464
19/06/2013;10,459
20/06/2013;10,453
21/06/2013;10,438
24/06/2013;10,418
25/06/2013;10,389
26/06/2013;10,397
27/06/2013;10,39
28/06/2013;10,39
01/07/2013;10,412
02/07/2013;10,545
03/07/2013;10,519
04/07/2013;10,548
05/07/2013;10,554
08/07/2013;10,56
09/07/2013;10,573
10/07/2013;10,558
11/07/2013;10,558
12/07/2013;10,549
15/07/2013;10,55
16/07/2013;10,539
17/07/2013;10,531
18/07/2013;10,542
19/07/2013;10,553
22/07/2013;10,565
23/07/2013;10,572
24/07/2013;10,578
25/07/2013;10,585
26/07/2013;10,583
29/07/2013;10,578
30/07/2013;10,586
31/07/2013;10,591
01/08/2013;10,613
02/08/2013;10,621
05/08/2013;10,621
06/08/2013;10,623
07/08/2013;10,625
08/08/2013;10,644
09/08/2013;10,652
12/08/2013;10,652
13/08/2013;10,665
14/08/2013;10,671
15/08/2013;10,662
16/08/2013;10,668
19/08/2013;10,655
20/08/2013;10,636
21/08/2013;10,629
22/08/2013;10,633
23/08/2013;10,639
26/08/2013;10,557
27/08/2013;10,54
28/08/2013;10,623
29/08/2013;10,63
30/08/2013;10,622
02/09/2013;10,641
03/09/2013;10,647
04/09/2013;10,646
05/09/2013;10,648
06/09/2013;10,656
09/09/2013;10,651
10/09/2013;10,668
11/09/2013;10,677
12/09/2013;10,687
13/09/2013;10,685
16/09/2013;10,724
17/09/2013;10,723
18/09/2013;10,73
19/09/2013;10,761
20/09/2013;10,769
23/09/2013;10,775
24/09/2013;10,789
25/09/2013;10,788
26/09/2013;10,79
27/09/2013;10,793
30/09/2013;10,803
01/10/2013;10,831
02/10/2013;10,821
03/10/2013;10,828
04/10/2013;10,847
07/10/2013;10,851
08/10/2013;10,849
09/10/2013;10,838
10/10/2013;10,852
11/10/2013;10,863
14/10/2013;10,877
15/10/2013;10,889
16/10/2013;10,894
17/10/2013;10,917
18/10/2013;10,927
21/10/2013;10,931
22/10/2013;10,943
23/10/2013;10,938
24/10/2013;10,936
25/10/2013;10,932
28/10/2013;10,938
29/10/2013;10,955
30/10/2013;10,963
31/10/2013;10,995
01/11/2013;11
04/11/2013;11,006
05/11/2013;11,018
06/11/2013;11,019
07/11/2013;11,037
08/11/2013;11,041
11/11/2013;11,036
12/11/2013;11,029
13/11/2013;11,025
14/11/2013;11,028
15/11/2013;11,029
18/11/2013;11,036
19/11/2013;11,031
20/11/2013;11,039
21/11/2013;11,042
22/11/2013;11,037
25/11/2013;11,044
26/11/2013;11,037
27/11/2013;11,042
28/11/2013;11,05
29/11/2013;11,06
02/12/2013;11,059
03/12/2013;11,052
04/12/2013;11,06
05/12/2013;11,04
06/12/2013;11,044
09/12/2013;11,047
10/12/2013;11,055
11/12/2013;11,043
12/12/2013;11,052
13/12/2013;11,056
16/12/2013;11,062
17/12/2013;11,06
18/12/2013;11,149
19/12/2013;11,091
20/12/2013;11,094
23/12/2013;11,096
24/12/2013;11,103
26/12/2013;11,104
27/12/2013;11,098
30/12/2013;11,1
31/12/2013;11,105
02/01/2014;11,118
03/01/2014;11,147
06/01/2014;11,157
07/01/2014;11,178
08/01/2014;11,188
09/01/2014;11,195
10/01/2014;11,2
13/01/2014;11,199
14/01/2014;11,197
15/01/2014;11,212
16/01/2014;11,219
17/01/2014;11,274
20/01/2014;11,271
21/01/2014;11,262
22/01/2014;11,265
23/01/2014;11,242
24/01/2014;11,215
27/01/2014;11,205
28/01/2014;11,204
29/01/2014;11,197
30/01/2014;11,207
31/01/2014;11,207
03/02/2014;11,198
04/02/2014;11,199
05/02/2014;11,207
06/02/2014;11,224
07/02/2014;11,245
10/02/2014;11,24
11/02/2014;11,282
12/02/2014;11,292
13/02/2014;11,284
14/02/2014;11,286
17/02/2014;11,293
18/02/2014;11,283
19/02/2014;11,297
20/02/2014;11,298
21/02/2014;11,305
24/02/2014;11,322
25/02/2014;11,34
26/02/2014;11,341
27/02/2014;11,345
28/02/2014;11,35
03/03/2014;11,357
04/03/2014;11,377
05/03/2014;11,384
06/03/2014;11,408
07/03/2014;11,418
10/03/2014;11,414
11/03/2014;11,41
12/03/2014;11,403
13/03/2014;11,396
14/03/2014;11,368
17/03/2014;11,378
18/03/2014;11,382
19/03/2014;11,414
20/03/2014;11,418
21/03/2014;11,42
24/03/2014;11,422
25/03/2014;11,417
26/03/2014;11,426
27/03/2014;11,434
28/03/2014;11,435
31/03/2014;11,442
01/04/2014;11,454
02/04/2014;11,467
03/04/2014;11,478
04/04/2014;11,494
07/04/2014;11,492
08/04/2014;11,485
09/04/2014;11,498
10/04/2014;11,506
11/04/2014;11,498
14/04/2014;11,502
15/04/2014;11,511
16/04/2014;11,518
17/04/2014;11,527
21/04/2014;11,529
22/04/2014;11,537
23/04/2014;11,543
24/04/2014;11,549
25/04/2014;11,552
28/04/2014;11,551
29/04/2014;11,564
30/04/2014;11,571
02/05/2014;11,583
05/05/2014;11,585
06/05/2014;11,588
07/05/2014;11,592
08/05/2014;11,615
09/05/2014;11,627
12/05/2014;11,649
13/05/2014;11,668
14/05/2014;11,661
15/05/2014;11,627
16/05/2014;11,629
19/05/2014;11,625
20/05/2014;11,615
21/05/2014;11,612
22/05/2014;11,611
23/05/2014;11,621
26/05/2014;11,629
27/05/2014;11,646
28/05/2014;11,65
29/05/2014;11,654
30/05/2014;11,651
02/06/2014;11,664
03/06/2014;11,669
04/06/2014;11,668
05/06/2014;11,678
06/06/2014;11,725
09/06/2014;11,759
10/06/2014;11,765
11/06/2014;11,757
12/06/2014;11,745
13/06/2014;11,746
16/06/2014;11,734
17/06/2014;11,74
18/06/2014;11,728
19/06/2014;11,74
20/06/2014;11,738
23/06/2014;11,74
24/06/2014;11,736
25/06/2014;11,727
26/06/2014;11,714
27/06/2014;11,688
30/06/2014;11,668
01/07/2014;11,678
02/07/2014;11,686
03/07/2014;11,708
04/07/2014;11,702
07/07/2014;11,704
08/07/2014;11,674
09/07/2014;11,644
10/07/2014;11,615
11/07/2014;11,63
14/07/2014;11,624
15/07/2014;11,623
16/07/2014;11,647
17/07/2014;11,634
18/07/2014;11,634
21/07/2014;11,633
22/07/2014;11,635
23/07/2014;11,644
24/07/2014;11,652
25/07/2014;11,646
28/07/2014;11,644
29/07/2014;11,633
30/07/2014;11,656
31/07/2014;11,631
01/08/2014;11,597
04/08/2014;11,616
05/08/2014;11,614
06/08/2014;11,571
07/08/2014;11,554
08/08/2014;11,545
11/08/2014;11,562
12/08/2014;11,582
13/08/2014;11,592
14/08/2014;11,6
15/08/2014;11,607
18/08/2014;11,626
19/08/2014;11,639
20/08/2014;11,652
21/08/2014;11,66
22/08/2014;11,667
25/08/2014;11,673
26/08/2014;11,696
27/08/2014;11,703
28/08/2014;11,685
29/08/2014;11,696
01/09/2014;11,694
02/09/2014;11,714
03/09/2014;11,716
04/09/2014;11,745
05/09/2014;11,749
08/09/2014;11,756
09/09/2014;11,751
10/09/2014;11,751
11/09/2014;11,754
12/09/2014;11,764
15/09/2014;11,752
16/09/2014;11,742
17/09/2014;11,764
18/09/2014;11,782
19/09/2014;11,797
22/09/2014;11,781
23/09/2014;11,766
24/09/2014;11,774
25/09/2014;11,762
26/09/2014;11,765
29/09/2014;11,732
30/09/2014;11,744
01/10/2014;11,727
02/10/2014;11,716
03/10/2014;11,749
06/10/2014;11,74
07/10/2014;11,714
08/10/2014;11,688
09/10/2014;11,694
10/10/2014;11,676
13/10/2014;11,633
14/10/2014;11,617
15/10/2014;11,556
16/10/2014;11,514
17/10/2014;11,563
20/10/2014;11,561
21/10/2014;11,6
22/10/2014;11,633
23/10/2014;11,662
24/10/2014;11,672
27/10/2014;11,671
28/10/2014;11,683
29/10/2014;11,716
30/10/2014;11,72
31/10/2014;11,764
03/11/2014;11,779
04/11/2014;11,763
05/11/2014;11,785
06/11/2014;11,814
07/11/2014;11,794
10/11/2014;11,813
11/11/2014;11,822
12/11/2014;11,822
13/11/2014;11,811
14/11/2014;11,777
17/11/2014;11,782
18/11/2014;11,766
19/11/2014;11,761
20/11/2014;11,754
21/11/2014;11,793
24/11/2014;11,796
25/11/2014;11,78
26/11/2014;11,77
27/11/2014;11,777
28/11/2014;11,78
01/12/2014;11,766
02/12/2014;11,804
03/12/2014;11,822
04/12/2014;11,808
05/12/2014;11,841
08/12/2014;11,829
09/12/2014;11,793
10/12/2014;11,75
11/12/2014;11,743
12/12/2014;11,69
15/12/2014;11,66
16/12/2014;11,608
17/12/2014;11,685
18/12/2014;11,745
19/12/2014;11,771
22/12/2014;11,782
23/12/2014;11,813
24/12/2014;11,824
29/12/2014;11,823
30/12/2014;11,815
31/12/2014;11,824
02/01/2015;11,84
06/01/2015;11,802
07/01/2015;11,829
08/01/2015;11,879
09/01/2015;11,866
12/01/2015;11,862
13/01/2015;11,87
14/01/2015;11,869
15/01/2015;11,88
16/01/2015;11,915
19/01/2015;11,916
20/01/2015;11,948
21/01/2015;11,946
22/01/2015;12,035
23/01/2015;12,145
26/01/2015;12,153
27/01/2015;12,126
28/01/2015;12,125
29/01/2015;12,113
30/01/2015;12,083
02/02/2015;12,064
03/02/2015;12,068
04/02/2015;12,105
05/02/2015;12,101
06/02/2015;12,174
09/02/2015;12,156
10/02/2015;12,173
11/02/2015;12,171
12/02/2015;12,162
13/02/2015;12,184
16/02/2015;12,195
17/02/2015;12,204
18/02/2015;12,209
19/02/2015;12,225
20/02/2015;12,243
23/02/2015;12,263
24/02/2015;12,271
25/02/2015;12,275
26/02/2015;12,344
27/02/2015;12,363
02/03/2015;12,384
03/03/2015;12,398
04/03/2015;12,416
05/03/2015;12,472
06/03/2015;12,533
09/03/2015;12,527
10/03/2015;12,547
11/03/2015;12,6
12/03/2015;12,6
13/03/2015;12,61
16/03/2015;12,583
17/03/2015;12,553
18/03/2015;12,484
19/03/2015;12,517
20/03/2015;12,493
23/03/2015;12,461
24/03/2015;12,451
25/03/2015;12,446
26/03/2015;12,466
27/03/2015;12,479
30/03/2015;12,494
31/03/2015;12,519
01/04/2015;12,518
02/04/2015;12,506
07/04/2015;12,531
08/04/2015;12,546
09/04/2015;12,582
10/04/2015;12,595
13/04/2015;12,591
14/04/2015;12,563
15/04/2015;12,559
16/04/2015;12,522
17/04/2015;12,491
20/04/2015;12,502
21/04/2015;12,486
22/04/2015;12,496
23/04/2015;12,492
24/04/2015;12,487
27/04/2015;12,497
28/04/2015;12,485
29/04/2015;12,443
30/04/2015;12,417
04/05/2015;12,434
05/05/2015;12,415
06/05/2015;12,373
07/05/2015;12,364
08/05/2015;12,39
11/05/2015;12,398
12/05/2015;12,372
13/05/2015;12,355
14/05/2015;12,35
15/05/2015;12,357
18/05/2015;12,374
19/05/2015;12,409
20/05/2015;12,415
21/05/2015;12,415
22/05/2015;12,437
25/05/2015;12,443
26/05/2015;12,464
27/05/2015;12,461
28/05/2015;12,452
29/05/2015;12,443
01/06/2015;12,445
02/06/2015;12,391
03/06/2015;12,363
04/06/2015;12,358
05/06/2015;12,368
08/06/2015;12,335
09/06/2015;12,309
10/06/2015;12,289
11/06/2015;12,31
12/06/2015;12,305
15/06/2015;12,263
16/06/2015;12,241
17/06/2015;12,225
18/06/2015;12,206
19/06/2015;12,218
22/06/2015;12,277
23/06/2015;12,332
24/06/2015;12,324
25/06/2015;12,325
26/06/2015;12,331
29/06/2015;12,243
30/06/2015;12,252
01/07/2015;12,295
02/07/2015;12,293
03/07/2015;12,291
06/07/2015;12,264
07/07/2015;12,258
08/07/2015;12,237
09/07/2015;12,266
10/07/2015;12,301
13/07/2015;12,353
14/07/2015;12,358
15/07/2015;12,374
16/07/2015;12,417
17/07/2015;12,445
20/07/2015;12,467
21/07/2015;12,455
22/07/2015;12,443
23/07/2015;12,436
24/07/2015;12,432
27/07/2015;12,4
28/07/2015;12,41
29/07/2015;12,418
30/07/2015;12,434
31/07/2015;12,428
03/08/2015;12,418
04/08/2015;12,419
05/08/2015;12,433
06/08/2015;12,426
07/08/2015;12,414
10/08/2015;12,418
11/08/2015;12,401
12/08/2015;12,361
13/08/2015;12,37
14/08/2015;12,373
17/08/2015;12,37
18/08/2015;12,37
19/08/2015;12,333
20/08/2015;12,295
21/08/2015;12,252
24/08/2015;12,141
25/08/2015;12,196
26/08/2015;12,218
27/08/2015;12,271
28/08/2015;12,293
31/08/2015;12,295
01/09/2015;12,261
02/09/2015;12,27
03/09/2015;12,288
04/09/2015;12,275
07/09/2015;12,275
08/09/2015;12,288
09/09/2015;12,296
10/09/2015;12,281
11/09/2015;12,263
14/09/2015;12,249
15/09/2015;12,243
16/09/2015;12,253
17/09/2015;12,226
18/09/2015;12,243
21/09/2015;12,25
22/09/2015;12,206
23/09/2015;12,19
24/09/2015;12,145
25/09/2015;12,148
28/09/2015;12,084
29/09/2015;12,052
30/09/2015;12,107
01/10/2015;12,134
02/10/2015;12,129
05/10/2015;12,176
06/10/2015;12,194
07/10/2015;12,249
08/10/2015;12,26
09/10/2015;12,272
12/10/2015;12,271
13/10/2015;12,257
14/10/2015;12,214
15/10/2015;12,238
16/10/2015;12,247
19/10/2015;12,257
20/10/2015;12,25
21/10/2015;12,249
22/10/2015;12,289
23/10/2015;12,333
26/10/2015;12,346
27/10/2015;12,326
28/10/2015;12,364
29/10/2015;12,358
30/10/2015;12,355
02/11/2015;12,352
03/11/2015;12,375
04/11/2015;12,401
05/11/2015;12,401
06/11/2015;12,411
09/11/2015;12,403
10/11/2015;12,407
11/11/2015;12,403
12/11/2015;12,374
13/11/2015;12,364
16/11/2015;12,388
17/11/2015;12,397
18/11/2015;12,408
19/11/2015;12,407
20/11/2015;12,422
23/11/2015;12,421
24/11/2015;12,423
25/11/2015;12,433
26/11/2015;12,439
27/11/2015;12,434
30/11/2015;12,439
01/12/2015;12,435
02/12/2015;12,427
03/12/2015;12,389
04/12/2015;12,379
07/12/2015;12,372
08/12/2015;12,359
09/12/2015;12,331
10/12/2015;12,333
11/12/2015;12,306
14/12/2015;12,287
15/12/2015;12,307
16/12/2015;12,299
17/12/2015;12,313
18/12/2015;12,308
21/12/2015;12,298
22/12/2015;12,296
23/12/2015;12,307
24/12/2015;12,304
28/12/2015;12,298
29/12/2015;12,311
30/12/2015;12,306
31/12/2015;12,311
04/01/2016;12,303
06/01/2016;12,283
07/01/2016;12,239
08/01/2016;12,236
11/01/2016;12,214
12/01/2016;12,19
13/01/2016;12,174
14/01/2016;12,133
15/01/2016;12,085
18/01/2016;12,041
19/01/2016;12,034
20/01/2016;11,98
21/01/2016;11,988
22/01/2016;12,059
25/01/2016;12,04
26/01/2016;12,023
27/01/2016;12,033
28/01/2016;12,055
29/01/2016;12,1
31/01/2016;12,101
02/02/2016;12,025
03/02/2016;11,968
04/02/2016;11,94
05/02/2016;11,931
08/02/2016;11,854
09/02/2016;11,779
10/02/2016;11,788
11/02/2016;11,718
12/02/2016;11,71
15/02/2016;11,753
16/02/2016;11,758
17/02/2016;11,789
18/02/2016;11,837
19/02/2016;11,832
22/02/2016;11,869
23/02/2016;11,871
24/02/2016;11,857
25/02/2016;11,87
26/02/2016;11,913
29/02/2016;11,949
01/03/2016;12,011
02/03/2016;12,081
03/03/2016;12,118
04/03/2016;12,102
07/03/2016;12,129
08/03/2016;12,132
09/03/2016;12,151
10/03/2016;12,21
11/03/2016;12,364
14/03/2016;12,418
15/03/2016;12,385
16/03/2016;12,35
17/03/2016;12,374
18/03/2016;12,394
21/03/2016;12,407
22/03/2016;12,448
23/03/2016;12,474
24/03/2016;12,461
29/03/2016;12,455
30/03/2016;12,471
31/03/2016;12,479
01/04/2016;12,479
04/04/2016;12,492
05/04/2016;12,498
06/04/2016;12,494
07/04/2016;12,496
08/04/2016;12,496
11/04/2016;12,5
12/04/2016;12,502
13/04/2016;12,539
14/04/2016;12,554
15/04/2016;12,561
18/04/2016;12,567
19/04/2016;12,595
20/04/2016;12,621
21/04/2016;12,648
22/04/2016;12,676
25/04/2016;12,685
26/04/2016;12,67
27/04/2016;12,668
28/04/2016;12,66
29/04/2016;12,646
02/05/2016;12,645
03/05/2016;12,626
04/05/2016;12,615
05/05/2016;12,617
06/05/2016;12,612
09/05/2016;12,613
10/05/2016;12,606
11/05/2016;12,601
12/05/2016;12,619
13/05/2016;12,623
16/05/2016;12,621
17/05/2016;12,623
18/05/2016;12,63
19/05/2016;12,621
20/05/2016;12,622
23/05/2016;12,627
24/05/2016;12,641
25/05/2016;12,664
26/05/2016;12,686
27/05/2016;12,688
31/05/2016;12,691
01/06/2016;12,684
02/06/2016;12,687
03/06/2016;12,685
06/06/2016;12,694
07/06/2016;12,709
08/06/2016;12,723
09/06/2016;12,729
10/06/2016;12,72
13/06/2016;12,693
14/06/2016;12,662
15/06/2016;12,665
16/06/2016;12,644
17/06/2016;12,652
20/06/2016;12,684
21/06/2016;12,693
22/06/2016;12,71
23/06/2016;12,721
24/06/2016;12,619
27/06/2016;12,584
28/06/2016;12,606
29/06/2016;12,647
30/06/2016;12,662
01/07/2016;12,694
04/07/2016;12,711
05/07/2016;12,696
06/07/2016;12,684
07/07/2016;12,691
08/07/2016;12,706
11/07/2016;12,731
12/07/2016;12,765
13/07/2016;12,783
14/07/2016;12,798
15/07/2016;12,806
18/07/2016;12,809
19/07/2016;12,818
20/07/2016;12,825
21/07/2016;12,843
22/07/2016;12,849
25/07/2016;12,857
26/07/2016;12,856
27/07/2016;12,857
28/07/2016;12,854
29/07/2016;12,848
01/08/2016;12,857
02/08/2016;12,853
03/08/2016;12,852
04/08/2016;12,862
05/08/2016;12,879
08/08/2016;12,897
09/08/2016;12,907
10/08/2016;12,909
11/08/2016;12,918
12/08/2016;12,921
15/08/2016;12,923
16/08/2016;12,923
17/08/2016;12,92
18/08/2016;12,921
19/08/2016;12,92
22/08/2016;12,922
23/08/2016;12,925
24/08/2016;12,931
25/08/2016;12,932
26/08/2016;12,943
29/08/2016;12,943
30/08/2016;12,951
31/08/2016;12,953
01/09/2016;12,958
02/09/2016;12,965
05/09/2016;12,971
06/09/2016;12,969
07/09/2016;12,975
08/09/2016;12,979
09/09/2016;12,971
12/09/2016;12,948
13/09/2016;12,953
14/09/2016;12,952
15/09/2016;12,95
16/09/2016;12,947
19/09/2016;12,947
20/09/2016;12,948
21/09/2016;12,945
22/09/2016;12,959
23/09/2016;12,967
26/09/2016;12,96
27/09/2016;12,957
28/09/2016;12,96
29/09/2016;12,964
30/09/2016;12,956
03/10/2016;12,959
04/10/2016;12,966
05/10/2016;12,975
06/10/2016;12,98
07/10/2016;12,98
10/10/2016;12,988
11/10/2016;12,992
12/10/2016;12,996
13/10/2016;12,991
14/10/2016;13
17/10/2016;13,001
18/10/2016;13,007
19/10/2016;13,013
20/10/2016;13,025
21/10/2016;13,031
24/10/2016;13,04
25/10/2016;13,041
26/10/2016;13,044
27/10/2016;13,051
28/10/2016;13,035
30/10/2016;13,036
31/10/2016;13,039
01/11/2016;13,033
02/11/2016;13,018
04/11/2016;13,013
07/11/2016;13,021
08/11/2016;13,023
09/11/2016;13,013
10/11/2016;13,016
11/11/2016;12,99
14/11/2016;12,966
15/11/2016;12,974
16/11/2016;12,968
17/11/2016;12,97
18/11/2016;12,958
21/11/2016;12,957
22/11/2016;12,975
23/11/2016;12,978
24/11/2016;12,98
25/11/2016;12,979
27/11/2016;12,98
30/11/2016;12,981
01/12/2016;12,981
02/12/2016;12,983
04/12/2016;12,984
06/12/2016;12,999
07/12/2016;13,016
08/12/2016;13,025
09/12/2016;13,031
12/12/2016;13,037
13/12/2016;13,049
14/12/2016;13,065
15/12/2016;13,071
19/12/2016;13,079
21/12/2016;13,088
22/12/2016;13,089
23/12/2016;13,093
27/12/2016;13,095
28/12/2016;13,097
29/12/2016;13,093
30/12/2016;13,096
02/01/2017;13,098
03/01/2017;13,114
06/01/2017;13,126
08/01/2017;13,127
10/01/2017;13,125
12/01/2017;13,112
13/01/2017;13,121
15/01/2017;13,122
16/01/2017;13,128
17/01/2017;13,126
19/01/2017;13,138
20/01/2017;13,152
23/01/2017;13,152
24/01/2017;13,154
25/01/2017;13,169
26/01/2017;13,172
27/01/2017;13,174
30/01/2017;13,172
31/01/2017;13,169
01/02/2017;13,173
02/02/2017;13,176
03/02/2017;13,184
06/02/2017;13,199
07/02/2017;13,201
08/02/2017;13,199
09/02/2017;13,205
10/02/2017;13,208
13/02/2017;13,213
14/02/2017;13,219
16/02/2017;13,225
17/02/2017;13,226
20/02/2017;13,235
21/02/2017;13,247
22/02/2017;13,253
23/02/2017;13,258
24/02/2017;13,261
27/02/2017;13,265
28/02/2017;13,269
02/03/2017;13,287
03/03/2017;13,285
06/03/2017;13,287
07/03/2017;13,277
08/03/2017;13,282
09/03/2017;13,277
10/03/2017;13,28
13/03/2017;13,279
14/03/2017;13,279
15/03/2017;13,283
19/03/2017;13,298
21/03/2017;13,299
22/03/2017;13,295
23/03/2017;13,302
24/03/2017;13,301
27/03/2017;13,3
28/03/2017;13,305
29/03/2017;13,314
30/03/2017;13,319
31/03/2017;13,324
03/04/2017;13,324
04/04/2017;13,321
05/04/2017;13,326
06/04/2017;13,327
07/04/2017;13,329
09/04/2017;13,33
10/04/2017;13,336
11/04/2017;13,33
12/04/2017;13,328
13/04/2017;13,33
18/04/2017;13,335
19/04/2017;13,332
20/04/2017;13,34
21/04/2017;13,341
24/04/2017;13,359
25/04/2017;13,364
26/04/2017;13,376
27/04/2017;13,383
28/04/2017;13,383
01/05/2017;13,395
03/05/2017;13,414
04/05/2017;13,422
05/05/2017;13,439
08/05/2017;13,444
09/05/2017;13,455
10/05/2017;13,459
11/05/2017;13,466
14/05/2017;13,464
16/05/2017;13,453
17/05/2017;13,443
18/05/2017;13,435
19/05/2017;13,437
22/05/2017;13,442
23/05/2017;13,445
24/05/2017;13,447
25/05/2017;13,45
26/05/2017;13,447
29/05/2017;13,451
30/05/2017;13,45
31/05/2017;13,447
01/06/2017;13,45
02/06/2017;13,451
05/06/2017;13,453
06/06/2017;13,448
07/06/2017;13,439
08/06/2017;13,428
09/06/2017;13,378
12/06/2017;13,39
13/06/2017;13,396
14/06/2017;13,413
15/06/2017;13,41
16/06/2017;13,412
19/06/2017;13,421
20/06/2017;13,43
21/06/2017;13,427
22/06/2017;13,424
23/06/2017;13,433
26/06/2017;13,437
27/06/2017;13,446
28/06/2017;13,447
29/06/2017;13,446
30/06/2017;13,446
03/07/2017;13,45
04/07/2017;13,454
05/07/2017;13,457
06/07/2017;13,45
07/07/2017;13,437
10/07/2017;13,437
11/07/2017;13,439
12/07/2017;13,445
13/07/2017;13,455
14/07/2017;13,463
17/07/2017;13,465
18/07/2017;13,475
19/07/2017;13,486
20/07/2017;13,491
21/07/2017;13,494
24/07/2017;13,499
25/07/2017;13,502
26/07/2017;13,507
27/07/2017;13,522
28/07/2017;13,527
31/07/2017;13,533
01/08/2017;13,542
02/08/2017;13,55
03/08/2017;13,555
04/08/2017;13,557
07/08/2017;13,559
08/08/2017;13,553
09/08/2017;13,54
10/08/2017;13,533
11/08/2017;13,515
14/08/2017;13,528
15/08/2017;13,531
16/08/2017;13,534
17/08/2017;13,54
18/08/2017;13,534
21/08/2017;13,532
22/08/2017;13,532
23/08/2017;13,527
24/08/2017;13,53
25/08/2017;13,53
28/08/2017;13,53
29/08/2017;13,525
30/08/2017;13,532
31/08/2017;13,534
01/09/2017;13,538
04/09/2017;13,538
05/09/2017;13,537
06/09/2017;13,551
07/09/2017;13,564
08/09/2017;13,564
11/09/2017;13,579
12/09/2017;13,584
13/09/2017;13,589
14/09/2017;13,593
15/09/2017;13,593
18/09/2017;13,598
19/09/2017;13,601
20/09/2017;13,613
21/09/2017;13,612
22/09/2017;13,609
25/09/2017;13,61
26/09/2017;13,611
27/09/2017;13,613
28/09/2017;13,609
29/09/2017;13,617
02/10/2017;13,62
03/10/2017;13,619
04/10/2017;13,605
05/10/2017;13,618
06/10/2017;13,616
09/10/2017;13,619
10/10/2017;13,622
11/10/2017;13,625
13/10/2017;13,641
16/10/2017;13,646
17/10/2017;13,647
18/10/2017;13,652
19/10/2017;13,647
20/10/2017;13,652
23/10/2017;13,658
24/10/2017;13,661
25/10/2017;13,659
26/10/2017;13,669
27/10/2017;13,685
30/10/2017;13,694
31/10/2017;13,712
02/11/2017;13,728
03/11/2017;13,735
06/11/2017;13,743
07/11/2017;13,746
08/11/2017;13,739
09/11/2017;13,726
10/11/2017;13,724
13/11/2017;13,716
14/11/2017;13,704
15/11/2017;13,688
16/11/2017;13,697
17/11/2017;13,697
20/11/2017;13,697
21/11/2017;13,706
22/11/2017;13,707
23/11/2017;13,704
24/11/2017;13,707
27/11/2017;13,708
28/11/2017;13,71
29/11/2017;13,712
30/11/2017;13,713
01/12/2017;13,705
04/12/2017;13,71
05/12/2017;13,714
06/12/2017;13,711
07/12/2017;13,714
08/12/2017;13,713
11/12/2017;13,714
12/12/2017;13,715
13/12/2017;13,713
14/12/2017;13,712
15/12/2017;13,713
18/12/2017;13,715
19/12/2017;13,717
20/12/2017;13,721
21/12/2017;13,721
22/12/2017;13,721
27/12/2017;13,721
28/12/2017;13,721
29/12/2017;13,72
02/01/2018;13,727
03/01/2018;13,74
04/01/2018;13,753
05/01/2018;13,774
08/01/2018;13,78
09/01/2018;13,786
10/01/2018;13,785
11/01/2018;13,793
12/01/2018;13,796
15/01/2018;13,808
16/01/2018;13,817
17/01/2018;13,819
18/01/2018;13,819
19/01/2018;13,819
22/01/2018;13,849
23/01/2018;13,853
24/01/2018;13,853
25/01/2018;13,846
26/01/2018;13,846
29/01/2018;13,841
30/01/2018;13,824
31/01/2018;13,827
01/02/2018;13,821
02/02/2018;13,81
05/02/2018;13,796
06/02/2018;13,778
07/02/2018;13,801
08/02/2018;13,788
09/02/2018;13,76
12/02/2018;13,756
13/02/2018;13,739
14/02/2018;13,741
15/02/2018;13,756
16/02/2018;13,77
19/02/2018;13,774
20/02/2018;13,768
21/02/2018;13,769
22/02/2018;13,757
23/02/2018;13,751
26/02/2018;13,756
27/02/2018;13,765
28/02/2018;13,766
01/03/2018;13,758
02/03/2018;13,754
05/03/2018;13,747
06/03/2018;13,756
07/03/2018;13,755
08/03/2018;13,766
09/03/2018;13,771
12/03/2018;13,774
13/03/2018;13,77
14/03/2018;13,758
15/03/2018;13,75
16/03/2018;13,751
19/03/2018;13,742
20/03/2018;13,737
21/03/2018;13,737
22/03/2018;13,729
23/03/2018;13,716
26/03/2018;13,714
27/03/2018;13,719
28/03/2018;13,718
29/03/2018;13,723
03/04/2018;13,726
04/04/2018;13,728
05/04/2018;13,733
06/04/2018;13,732
09/04/2018;13,738
10/04/2018;13,746
11/04/2018;13,74
12/04/2018;13,74
13/04/2018;13,757
16/04/2018;13,764
17/04/2018;13,766
18/04/2018;13,765
19/04/2018;13,769
20/04/2018;13,77
23/04/2018;13,774
24/04/2018;13,774
25/04/2018;13,771
26/04/2018;13,769
27/04/2018;13,764
30/04/2018;13,769
02/05/2018;13,771
03/05/2018;13,76
04/05/2018;13,76
07/05/2018;13,763
08/05/2018;13,762
09/05/2018;13,76
10/05/2018;13,754
11/05/2018;13,762
14/05/2018;13,769
15/05/2018;13,767
16/05/2018;13,756
17/05/2018;13,753
18/05/2018;13,734
21/05/2018;13,734
22/05/2018;13,708
23/05/2018;13,686
24/05/2018;13,68
25/05/2018;13,65
28/05/2018;13,648
29/05/2018;13,623
30/05/2018;13,615
31/05/2018;13,629
01/06/2018;13,64
04/06/2018;13,667
05/06/2018;13,65
06/06/2018;13,655
07/06/2018;13,656
08/06/2018;13,623
11/06/2018;13,64
12/06/2018;13,642
13/06/2018;13,648
14/06/2018;13,665
15/06/2018;13,667
17/06/2018;13,668
18/06/2018;13,662
19/06/2018;13,647
20/06/2018;13,651
21/06/2018;13,635
22/06/2018;13,632
24/06/2018;13,633
25/06/2018;13,609
26/06/2018;13,598
27/06/2018;13,581
28/06/2018;13,564
29/06/2018;13,569
30/06/2018;13,57
02/07/2018;13,557
03/07/2018;13,565
04/07/2018;13,569
05/07/2018;13,579
06/07/2018;13,592
09/07/2018;13,606
10/07/2018;13,624
11/07/2018;13,617
12/07/2018;13,625
13/07/2018;13,631
16/07/2018;13,64
17/07/2018;13,638
18/07/2018;13,64
19/07/2018;13,633
20/07/2018;13,633
23/07/2018;13,633
24/07/2018;13,643
25/07/2018;13,667
26/07/2018;13,667
27/07/2018;13,674
30/07/2018;13,679
31/07/2018;13,684
01/08/2018;13,691
02/08/2018;13,681
03/08/2018;13,676
06/08/2018;13,676
07/08/2018;13,681
08/08/2018;13,681
09/08/2018;13,677
10/08/2018;13,653
13/08/2018;13,639
14/08/2018;13,641
15/08/2018;13,636
16/08/2018;13,638
17/08/2018;13,637
20/08/2018;13,639
21/08/2018;13,649
22/08/2018;13,651
23/08/2018;13,651
24/08/2018;13,647
27/08/2018;13,648
28/08/2018;13,646
29/08/2018;13,648
30/08/2018;13,639
31/08/2018;13,627
03/09/2018;13,621
04/09/2018;13,627
05/09/2018;13,629
06/09/2018;13,628
07/09/2018;13,635
10/09/2018;13,643
11/09/2018;13,65
12/09/2018;13,653
13/09/2018;13,663
14/09/2018;13,672
17/09/2018;13,68
18/09/2018;13,684
19/09/2018;13,685
20/09/2018;13,685
21/09/2018;13,688
24/09/2018;13,687
25/09/2018;13,688
26/09/2018;13,696
27/09/2018;13,698
28/09/2018;13,684
01/10/2018;13,687
02/10/2018;13,682
03/10/2018;13,69
04/10/2018;13,682
05/10/2018;13,678
08/10/2018;13,669
09/10/2018;13,664
10/10/2018;13,664
11/10/2018;13,646
12/10/2018;13,653
15/10/2018;13,653
16/10/2018;13,654
17/10/2018;13,655
18/10/2018;13,655
19/10/2018;13,606
22/10/2018;13,612
23/10/2018;13,607
24/10/2018;13,599
25/10/2018;13,582
26/10/2018;13,573
29/10/2018;13,586
30/10/2018;13,589
31/10/2018;13,599
01/11/2018;13,608
02/11/2018;13,621
05/11/2018;13,628
06/11/2018;13,622
07/11/2018;13,645
08/11/2018;13,643
09/11/2018;13,631
12/11/2018;13,627
13/11/2018;13,599
14/11/2018;13,593
15/11/2018;13,566
16/11/2018;13,548
19/11/2018;13,524
20/11/2018;13,476
21/11/2018;13,499
22/11/2018;13,503
23/11/2018;13,508
26/11/2018;13,518
27/11/2018;13,503
28/11/2018;13,487
29/11/2018;13,47
30/11/2018;13,435
